,pca1,pca2,cluster
0,0.0090014620728087,-1.214411595203044,0
1,0.31751420573122224,-0.8101283039851747,0
2,0.23438563574379637,-1.0809172487180743,0
3,-0.0801245542563983,-0.873215882776207,0
4,-0.08256375036746307,-0.8706414137688647,0
5,0.3698796448009857,-2.1062381339080147,0
6,-0.08674077797048707,-0.8477057615180305,0
7,0.001828526594700496,-1.0980091045037668,0
8,0.4754363727812614,-1.4097016488225667,0
9,-0.09305984369102396,-0.8179945432478696,0
10,-0.08978604960410744,-0.8103233260244382,0
11,0.2267931029189258,-1.5972171415662249,0
12,0.2844086321052939,-1.1062234895732652,0
13,0.1547479846072955,-1.3872258532170543,0
14,0.06846573549117814,-0.9015269327218438,0
15,-0.0888521083604486,-0.8035436219395947,0
16,-0.0585475199332278,-0.8421085032690069,0
17,0.8726361317628745,-3.158581149794298,4
18,-0.0974273926483606,-0.7962994545655241,0
19,0.5790505064835364,-2.3529969323986797,4
20,-0.011596770493160715,-1.0371346958201972,0
21,-0.013024227879303633,-1.0353426432362234,0
22,-0.016728618638159817,-0.9831395114651306,0
23,0.7312274164906196,-1.5355541253872926,0
24,0.012211443050220025,-1.202546848686127,0
25,0.24507426536539997,-1.2435103453957619,0
26,0.6973606297690506,-2.8803128494833174,4
27,0.05676195813093046,-1.1043036032818003,0
28,0.17173680268095493,-1.3451305489362813,0
29,0.3517052737355026,-1.2824588040040341,0
30,0.9479779532287529,-3.1260535820141793,4
31,0.03143010078139854,-0.9307121106250613,0
32,0.12616905158764832,-1.1792487682882091,0
33,1.2845931298445117,-2.2282033562873638,0
34,-0.06930260242338677,-0.8094155742147322,0
35,-0.0011459153555655995,-0.8877571167707523,0
36,-0.012335874725873257,-0.786540774091448,0
37,0.22540980353524148,-1.2952742551028935,0
38,0.5039976139860839,-1.9911656016013919,0
39,0.06433228370844174,-0.9647832288434357,0
40,0.6020967370384193,-1.7929368513243287,0
41,0.06355289197705417,-0.961576298497874,0
42,0.34225259043110656,-1.5819963681745126,0
43,0.11835803658625985,-1.1717132860821895,0
44,0.3569568626666311,-1.575225915242498,0
45,-0.07141886392199602,-0.7997102705659174,0
46,-0.004508356412546311,-0.877942634735046,0
47,0.05257807807599012,-1.0883785305193323,0
48,0.5794321254616839,-2.545912822022414,4
49,0.4009693374225942,-1.193718643541928,0
50,0.5783692810070137,-2.4172743735874826,4
51,0.030754256722675562,-0.9134502846962189,0
52,0.7467178379186937,-2.6878747991240184,4
53,0.4202849138236419,-2.156399767885498,4
54,0.10106093457082117,-1.2933324296659519,0
55,0.7171270855809283,-2.129358183795349,0
56,0.9025657486113308,-3.2154870698997953,4
57,0.6189800921087598,-1.378873335264714,0
58,0.05467267393682141,-1.2031924561815008,0
59,4.398303291482329,-2.6089663865667316,4
60,0.03530681105864018,-1.0284962040438517,0
61,0.37018603409613793,-1.2969135897142041,0
62,-0.03775558642499303,-0.8212279959612986,0
63,1.2176794141130654,-2.6664768238148246,3
64,0.03594724009241653,-1.2039039503833417,0
65,0.2639136165235519,-1.4305593754964867,0
66,-0.05325716904495753,-0.9509224935627612,0
67,0.7445491593177667,-3.1608726644874934,4
68,0.5315626333615462,-1.5655008530362189,0
69,-0.0004443892978016676,-0.8524507543633902,0
70,0.03339620742309307,-0.891420344186458,0
71,0.00845432576142411,-0.8478922508395333,0
72,0.6837570486488078,-1.2718164526909412,0
73,0.8961581229440853,-1.3995077034673318,0
74,-0.040409117157215305,-0.8117271210019545,0
75,0.24187453990445604,-1.0907807349076832,0
76,1.2139065755450038,-1.168861850898401,0
77,-0.10902773290774162,-0.7283058241310233,0
78,0.15923849800292542,-1.0445012993144205,0
79,0.8199518627753364,-1.6313265627810885,0
80,1.532786265108551,-1.7787100781309997,3
81,0.27147012304616636,-1.1042965597509684,0
82,0.6047885219704678,-1.2908087639522838,0
83,0.9695511758769927,-1.3604455898350438,0
84,0.7078783756203427,-1.5644635582349216,0
85,1.0930340933727902,-1.5744632224715949,0
86,0.14216795997856302,-0.939686299080353,0
87,0.1281064303532636,-0.9444600127612527,0
88,0.7046183409256463,-1.2463488796982343,0
89,0.13497982875997908,-0.9354173994521211,0
90,1.6594235105793926,-2.13719291508289,3
91,0.6043030682245781,-1.2798992622318381,0
92,-0.11315825781147461,-0.712944217130815,0
93,-0.02667319503503849,-0.7843022305987093,0
94,0.11738846196337796,-0.9386164134826589,0
95,0.4244612556240858,-1.1881616854744992,0
96,0.18427779252651746,-1.016857080284024,0
97,-0.04435051415535001,-0.7887016671701507,0
98,-0.08013154118593668,-0.7493037525657998,0
99,0.00023361961769076712,-0.8229933241296943,0
100,0.05986030984546441,-0.9045852320369745,0
101,1.9567394895040617,-2.3304172113668975,3
102,-0.02598530858044485,-0.7776162068864179,0
103,0.03177950953503182,-0.8599171999782371,0
104,-0.10679264357724565,-0.7023428635692891,0
105,0.1178304919979873,-0.9308563859779243,0
106,-0.033590678425107705,-0.7251458199922429,0
107,0.5873145437301044,-1.1697952971054963,0
108,-0.11603228889627683,-0.7023596921081692,0
109,-0.04519821756855828,-0.7796809355790099,0
110,-0.07784534445289613,-0.7379209421943075,0
111,0.5392895473777345,-1.341351144875732,0
112,0.0851359417021663,-0.8844423182883832,0
113,0.2095919127263706,-0.9937826795773834,0
114,0.6496898527934075,-1.7106278832076307,0
115,-0.04615961375019684,-0.7747914701121295,0
116,-0.008506027449757066,-0.8123079811153929,0
117,0.6209083279396189,-0.833546963774655,0
118,0.6778005738165381,-1.544390249477301,0
119,0.7828694417977466,-0.9781203466561643,0
120,0.8748433845897191,-1.8034742224046643,0
121,0.430608239133525,-1.3416161613463038,0
122,-0.08554185589727895,-0.7280060053004929,0
123,0.21996274547166383,-0.9781481149445413,0
124,0.41388851839398383,-1.2177747681365698,0
125,-0.08485984491424163,-0.7254102732429546,0
126,0.47011848846381027,-1.3000764387815535,0
127,0.3151791230516805,-1.0426750286447404,0
128,0.05166191415131293,-0.8802617560382301,0
129,-0.0776967890907583,-0.7191768762304745,0
130,-0.01316950203174528,-0.7989012927904372,0
131,0.06246584322742229,-0.8743932180255982,0
132,-0.10108689376522886,-0.6738899540917147,0
133,0.1222612499044484,-1.3914126600621448,0
134,-0.08426823871462487,-0.7187609522586206,0
135,-0.018937359312001772,-0.7981791789533543,0
136,0.20364363906249078,-1.3356703562289813,0
137,0.6396095948704054,-1.3846613401138401,0
138,1.2363356965264602,-1.7854932121502678,3
139,0.6095862408587877,-1.1845595023395377,0
140,0.1296679742011734,-0.9466744737073968,0
141,0.04680461867834396,-0.9988936003833785,0
142,0.1056527220172876,-1.0801976425781077,0
143,0.5832184248663986,-2.451618464570673,4
144,-0.12131690256335248,-0.66991847672227,0
145,-0.12247618127064949,-0.6697761384893471,0
146,-0.06762971065579121,-0.7007420744261549,0
147,0.180749502546575,-1.024514634898528,0
148,0.095231966701043,-0.6893888702269683,0
149,0.6582101648843482,-1.5975037976972584,0
150,-0.01983939560806889,-0.7833396772017271,0
151,0.055452636476205575,-0.7540713218685975,0
152,-0.031120907459277647,-0.7340235883184313,0
153,0.004637746380417845,-0.9520006031770203,0
154,0.017132840137716265,-0.7663347442438124,0
155,0.583681907131694,-1.9529922676091924,0
156,0.4317106771708678,-1.2595532042838944,0
157,-0.05233230929278632,-0.6331260020360494,0
158,-0.02309752710613253,-0.7787411254147675,0
159,0.25060108495266475,-1.1164355339234493,0
160,0.503215376130079,-1.694929346025166,0
161,-0.0398780352612151,-0.6784899478639292,0
162,0.3544684545177417,-1.3603264248008375,0
163,-0.09152813161439272,-0.6970000281532869,0
164,0.7413300990987394,-2.817583155852594,4
165,0.48215046578883586,-1.2109261286799875,0
166,-0.004873093198392362,-0.9462808291573499,0
167,0.4076986220607882,-1.463831916856643,0
168,-0.09267046551409876,-0.6933474122520324,0
169,-0.06718761382214951,-0.8627933785302306,0
170,0.5480030490720547,-1.1293033441982239,0
171,-0.12623668695378834,-0.651353621693098,0
172,0.295222695332561,-0.7518461565340027,0
173,-0.006032036299521618,-0.7611436938693072,0
174,0.019885506600779482,-0.8031318628649627,0
175,0.008831548124387613,-0.8061752448035634,0
176,0.14190510353828464,-0.9646767076536313,0
177,-0.12586278128990705,-0.6447874411621148,0
178,0.8952339464528153,-1.7761191874699322,0
179,0.03173208111505774,-0.9736852769851497,0
180,0.10510664502505508,-0.8172713903997484,0
181,-0.12041062980004451,-0.6397902865647442,0
182,0.23721456316800138,-0.9219388981817872,0
183,0.06758338687093576,-1.1362615301536696,0
184,-0.07564289753724007,-0.6722608589136071,0
185,0.10906352550759489,-0.9159830894506212,0
186,1.242701283551043,-3.4405367215393934,4
187,-0.027250107267130598,-0.7557960487221058,0
188,-0.11460204570729046,-0.6305698840154907,0
189,-0.02332507209795841,-0.6476566366004815,0
190,0.18044813354057962,-1.679666253289158,0
191,0.9965084166984802,-3.1837675674472177,4
192,-0.0034085825172828215,-0.7391211591773321,0
193,-0.11605792942604509,-0.6241164717217332,0
194,0.5472414354539318,-1.3902795595162374,0
195,-0.1312307305768833,-0.6263933574441158,0
196,-0.13158462033536408,-0.6253602393946026,0
197,0.06601574214297096,-1.3002460596370398,0
198,0.003380525465981317,-0.7819729847184832,0
199,-0.04201534105064055,-0.6932081658853305,0
200,0.21205478485732226,-1.4514723129648865,0
201,0.11521970708776462,-0.8101192709883436,0
202,-0.06504783240375203,-0.6978952388860978,0
203,-0.09935078291575374,-0.6579340473659883,0
204,-0.0645993107537915,-0.6965563809616353,0
205,-0.13006347419560108,-0.6136849651576803,0
206,0.09540023791517202,-1.3298176841364249,0
207,0.009429604893631325,-0.7685727963230052,0
208,0.13324939025012292,-1.058476356230114,0
209,0.6951050573102786,-1.7354179400556642,0
210,0.6277848333990236,-2.189496034500674,4
211,0.008719431242781297,-1.0729549060115282,0
212,1.060750112683772,-2.628575394489562,4
213,0.44775239858937177,-1.3529677698283822,0
214,0.26991604805682673,-1.5185524198177998,0
215,-0.07404331315863688,-0.6360284209728488,0
216,-0.03827889177200688,-0.6742659875000637,0
217,0.5499550368875674,-1.2887125257239944,0
218,0.1974554598288152,-0.9504094573910412,0
219,0.7635931529857738,-1.5732727013384602,0
220,0.1412575275904551,-0.9182054056335727,0
221,-0.13434227053862527,-0.6030518456471925,0
222,0.1696976922172168,-1.3947238367042296,0
223,0.28726642858234436,-1.6870091454139802,0
224,0.1279355471796739,-0.7630173740880546,0
225,1.3428241805156833,-1.2960228410131034,0
226,0.18173036188556307,-1.567542599058642,0
227,0.37115420332879206,-1.192485104087843,0
228,0.31290133182314134,-1.0567535727869954,0
229,0.35544464589504876,-1.8355147185393386,0
230,0.3523078117088606,-1.1442995686516,0
231,0.1487862850456271,-1.5206398780739074,0
232,0.8614700172310984,-1.3663668114685779,0
233,0.09896737060665066,-0.8690234841800125,0
234,0.11269738174812143,-0.8626237250136279,0
235,0.5106205451465105,-1.4152210893385715,0
236,0.39308934309261745,-1.0693029946504817,0
237,0.8628674666106966,-1.8567589893528529,0
238,0.20829146960644146,-1.2882386379789799,0
239,0.3464893028079602,-1.083555452666603,0
240,-0.13831445229294287,-0.5858779066839993,0
241,0.03093340676518734,-0.7830435224093119,0
242,0.9412372664429013,-2.054412603139462,0
243,0.2978498113416234,-1.9713208008070138,4
244,-0.10330675096055178,-0.6214826119448228,0
245,0.7852832191215691,-3.1574882710412444,4
246,-0.14015537286550928,-0.5813234558143003,0
247,0.20824190639851575,-0.9724664382726591,0
248,-0.01368095895841919,-0.8160175702037472,0
249,0.185951252560929,-0.926175332459768,0
250,0.16277867492684253,-0.9338372086314586,0
251,0.27595785973120707,-0.994439527208355,0
252,0.7094985404968697,-1.5093182451124307,0
253,-0.07160668415040243,-0.6513400664059091,0
254,0.678591200407073,-2.285426746650809,4
255,0.03427283700041745,-0.7141404049852068,0
256,0.37473541702776364,-1.7235368769789745,0
257,0.322680514008688,-2.125831533716001,4
258,-0.01225774998996291,-0.8562418571025998,0
259,0.7331178407065799,-1.5451738702378541,0
260,0.5516291133154378,-2.3515289371519943,4
261,-0.10979881465081612,-0.6064368138568121,0
262,0.9936887601857614,-3.6298302792437505,4
263,0.04160942485342391,-1.1922761226724035,0
264,-0.023331744602087322,-0.854621273177053,0
265,0.08093059506973375,-0.9710690358318694,0
266,0.894177576348023,-1.5133472033560433,0
267,0.024372262450696097,-0.7557603862973177,0
268,0.620792500932581,-1.750713554480332,0
269,0.14440299667270504,-1.0465235937237758,0
270,-0.1453401375183572,-0.5564358649955017,0
271,0.3062582431848726,-2.1180735904254715,4
272,0.734172563238916,-2.5007297633353947,4
273,0.06176945818769133,-1.2253622847142815,0
274,-0.0910408917534338,-0.7650136116290478,0
275,1.0489714015133937,-4.060877283326014,4
276,-0.1437502165478135,-0.5511581675354282,0
277,-0.14511698764829262,-0.5510950022376981,0
278,0.05392244508564129,-0.8642020706715766,0
279,-0.05025556661422878,-0.618095077884988,0
280,0.9139448701888554,-1.6886060830745473,0
281,-0.05733280690696349,-0.7993616585899707,0
282,-0.07831068422866666,-0.5215513938341116,0
283,0.06455756284158332,-0.8566450684609177,0
284,0.20938323949319054,-1.551055695726974,0
285,0.06353295693351609,-0.7798557692240599,0
286,0.0066138055764204,-0.8763873609470261,0
287,-0.09023814715676558,-0.5744566833687139,0
288,0.44642236372389377,-2.025918455978555,4
289,-0.14819292460822725,-0.5405873970327365,0
290,-0.002472840953988503,-1.00246991274424,0
291,-0.14904989702796367,-0.5379940271373782,0
292,-0.022270127823535685,-0.9546457166732998,0
293,0.21852248784729125,-1.4097696792700483,0
294,-0.14929022161417255,-0.5363336524542842,0
295,0.19498814221455182,-1.4405491476815935,0
296,-0.04305317175655615,-0.7799055543843065,0
297,-0.04872509244346208,-0.6536061915478754,0
298,0.43251612897569564,-1.151474627869139,0
299,0.10273529446662476,-1.1121332987074244,0
300,-0.0035231814217111038,-0.9946945013057898,0
301,0.10749816636167939,-0.800952679366445,0
302,0.02936979321535073,-0.724657984884472,0
303,0.6252461741413761,-1.5689606830536285,0
304,0.06308290381393411,-1.071290821641622,0
305,0.195995625432385,-1.613481688045545,0
306,0.41740295271411604,-1.331716831852921,0
307,0.5730499079478658,-2.534091991154547,4
308,0.22206859333675175,-0.9624151032121706,0
309,0.02498814094937038,-0.7222386244104233,0
310,0.7039662161129728,-2.2555878018571285,0
311,-0.04505826857270252,-0.6416975168263747,0
312,0.04810180947164938,-0.9662645328593095,0
313,0.05098576125689357,-0.7612766445913905,0
314,0.5058341579915754,-2.1932159479180307,4
315,1.7620492402523997,-2.9520885312295144,4
316,0.24451171431398527,-1.0735644519958505,0
317,0.04502178409309595,-1.19495299358047,0
318,0.03393979527590673,-0.8898078134600315,0
319,0.23917887015211936,-1.1251234726283224,0
320,0.24875011207457504,-1.631813029528221,0
321,-0.08589540945451048,-0.5948822652259618,0
322,0.7927689189311444,-1.877139223048372,0
323,0.07472142369229198,-1.1766284003804848,0
324,0.5621834471795087,-2.288525441256387,4
325,0.31405582567378915,-1.6317242747333862,0
326,-0.11799165203453692,-0.5499926307791461,0
327,1.8122110719552325,-2.488787610810279,3
328,-0.007134650833510466,-0.6639284589405198,0
329,-0.02015545524956078,-0.6671368650291122,0
330,-0.15512809029216793,-0.5064390916652725,0
331,0.19203179537679477,-0.8980532044482267,0
332,1.2407317935325721,-3.5828447744119765,4
333,0.5937486225639538,-1.5010682472484693,0
334,-0.019043665058185614,-0.6620415593992356,0
335,0.38175913159493324,-1.1381110190676782,0
336,0.6331218124528281,-2.4089116168636684,4
337,0.07026061484910262,-0.9114807512231387,0
338,0.1891880805000676,-0.7901556324598471,0
339,3.274003571947509,-5.108765697226106,4
340,0.04563301305007772,-0.7376210916083323,0
341,0.022326736124816077,-1.0016698251354446,0
342,0.005380050421713498,-0.6468948963786588,0
343,0.10825447064462644,-0.8605281881714765,0
344,-0.12345606385692273,-0.5345551415066412,0
345,-0.003018395353108241,-0.8251632417212496,0
346,0.19892012411078938,-1.06173622127321,0
347,0.2103142316158679,-1.4928866326456176,0
348,-0.12367263786422986,-0.5311337052323001,0
349,-0.1564560399988363,-0.4900097464577426,0
350,0.9453416855940596,-2.8687620146390174,4
351,-0.15623227770927728,-0.48758837930139903,0
352,-0.10428515756579304,-0.6993983724093292,0
353,-0.08976084864780653,-0.5654040537677237,0
354,-0.0541545715180094,-0.5512528558045172,0
355,-0.12476085270098217,-0.524540551934843,0
356,-0.0722363825786039,-0.7367145003223753,0
357,-0.10207166878742596,-0.6938830515613801,0
358,-0.026123672550070927,-0.6407958094954465,0
359,0.08253765509598907,-1.0643511580109424,0
360,0.20100443541234925,-1.4841703830003814,0
361,0.14816288486787416,-1.1430731939988223,0
362,0.48318264769482183,-2.6654648086164285,4
363,0.29054537699842553,-2.165507351143693,4
364,-0.15969051922855867,-0.4743065651489233,0
365,-0.1610940649559856,-0.4730894308914044,0
366,3.865685078787548,-4.484608184496244,4
367,-0.12219952133189271,-0.5077975989282631,0
368,-0.08024547723065027,-0.6715508668171478,0
369,-0.05004916291006728,-0.5822816398483733,0
370,0.009600634051108945,-0.6638641676897038,0
371,6.204794500704387,-5.3512649474493434,4
372,0.6858246648747659,-2.3420449680880036,4
373,0.8277039121095893,-3.1194962848124597,4
374,-0.038685784386264986,-0.7541869689032573,0
375,1.4359260783338765,-4.283204085513965,4
376,2.6749675596898106,-4.2230069621419055,4
377,1.0970741502238928,-2.7416958149853268,4
378,1.0001540102122757,-3.335502134068178,4
379,0.2824806654444302,-1.9724888758949406,4
380,0.1868173411942447,-1.4143532856308711,0
381,0.8111213256660833,-1.5029639890999555,0
382,0.20123002225635134,-0.4760293141976762,0
383,1.1215455976273554,-1.960440391714388,3
384,-0.030954224729741697,-0.6157732786330279,0
385,1.7251457111618373,-2.6197250544958033,3
386,1.2839736937134445,-2.157867985572689,3
387,-0.057748460778121354,-0.5706157376244497,0
388,-0.039637310625079095,-0.5106869340104309,0
389,0.8702631812744138,-1.684380074641444,3
390,0.33167737975392214,-1.6138039317397714,0
391,0.07114511266933597,-0.7289575021898725,0
392,0.3880747898478078,-1.0784750370609162,0
393,0.10198939613253184,-0.7137021232628301,0
394,0.6265669589146454,-2.096675590275926,0
395,0.004362124483735157,-0.6448368095096595,0
396,5.839552125115263,-7.358202833558226,3
397,-0.10073877188273049,-0.5234524940311978,0
398,0.5931155451063801,-1.2549976557151177,0
399,1.2002334648839554,-1.8622470684513872,3
400,0.06809070029532686,-0.7196096302578686,0
401,1.3668062022372278,-2.0068186911349915,3
402,-0.16809181592450162,-0.4407169227137959,0
403,0.1652252942714415,-0.8376051592604294,0
404,0.35132392161457965,-1.0277670451480998,0
405,-0.09795359200033517,-0.5165514909156429,0
406,0.9064375752679397,-1.6012181285086122,3
407,-0.10199320990230389,-0.5157547597902122,0
408,0.0023965552583974444,-0.6327381838687361,0
409,0.868914312556918,-1.921376329521775,0
410,1.2706934971696833,-1.931535369775185,3
411,0.3457292951028568,-1.0246421658804281,0
412,1.2042824338746267,-1.588547670569669,3
413,-0.13456889448830092,-0.4722155942885561,0
414,-0.028624382329937564,-0.5886068374911173,0
415,0.0680792086276758,-0.7085185321306666,0
416,0.6904278278438317,-1.4148592604795567,0
417,1.7456019187009197,-2.5556123999452,3
418,0.7795292575655968,-1.4310241338832796,0
419,0.11472447814942044,-0.7391057418376711,0
420,0.2353667659881222,-0.902343292824247,0
421,-0.027946757204532765,-0.8907080897749449,0
422,0.01580597500625045,-0.7455795157985179,0
423,-0.12807708154836392,-0.46215012081366086,0
424,-0.16906633902164916,-0.4247369200245085,0
425,0.37066134786740945,-1.9292298128024747,4
426,0.2894361268552031,-0.9301011956277319,0
427,0.3338371206793483,-1.0174939345889478,0
428,-0.17135337649884388,-0.42210428502434294,0
429,-0.10463326302508244,-0.5009932122355493,0
430,-0.0023653408503801895,-0.6182011257196327,0
431,-0.08067415819936051,-0.669267784185113,0
432,0.718879202151989,-2.0064009863213914,0
433,0.22026054206580611,-0.8439724626577366,0
434,-0.1059249895030036,-0.49564557239965806,0
435,-0.1046601575323672,-0.49399580287813794,0
436,-0.10643657670397313,-0.4911686611625949,0
437,-0.10712043572594795,-0.49026122983580955,0
438,-0.1406133668283591,-0.44999143054424484,0
439,0.07791739854084251,-0.6808260668368014,0
440,0.1592869870796269,-0.7541350980496062,0
441,-0.14157934203704062,-0.4486075463679146,0
442,0.010764550602021439,-0.5985997652995945,0
443,0.34295349413807236,-0.8904364744319674,0
444,-0.17557070441684838,-0.40502380460467047,0
445,0.9968160585626958,-1.6885001518830591,3
446,0.26734500815542844,-0.8644650408903407,0
447,-0.038120666788111615,-0.5606895992589748,0
448,-0.056606595069714764,-0.4622577392898698,0
449,-0.14090722504059716,-0.4413438283253468,0
450,-0.13916142546221502,-0.44009480237185405,0
451,-0.10768942207314923,-0.4799664991269144,0
452,0.21071634411869916,-0.7776436592236203,0
453,0.5525168367311872,-1.2231613952932785,0
454,-0.05344770153732183,-0.35089894620410206,0
455,0.0288725126842363,-0.6318831929834348,0
456,-0.03893058185981344,-0.5522389026398495,0
457,0.17674600693623926,-1.3481127487687707,0
458,0.8960176409880737,-1.6109152590805882,3
459,-0.17665532309836657,-0.39258958983743136,0
460,-0.17505673889804874,-0.3913963953247994,0
461,0.20635087158579266,-0.8218253678132176,0
462,-0.04457068622372249,-0.4442409536749885,0
463,0.4312152729710317,-1.1015263670935431,0
464,0.33434809867208815,-1.4148323824003952,0
465,0.18974989228959388,-0.8234780530714495,0
466,-0.06087714776069285,-0.8064252345296896,0
467,1.4470519112962932,-2.4110964374125294,3
468,0.5419319372214149,-1.87320309688199,4
469,-0.1792836202191855,-0.38366325387891387,0
470,1.746101670517086,-2.429183268732028,3
471,0.4728652184610525,-1.1305127828246613,0
472,-0.07770510070951321,-0.5005498470793496,0
473,-0.17942652621270935,-0.37846185958768336,0
474,0.28257354414069125,-0.883661027687044,0
475,-0.02508529936122402,-0.5282772658955207,0
476,-0.14474579167851853,-0.41594330562792,0
477,-0.14512492655196144,-0.41550363473458374,0
478,-0.1803335610584933,-0.3753036137528049,0
479,0.26571690380054147,-0.8865805593986077,0
480,-0.027283255340669648,-0.7059330090062934,0
481,0.02558565556120047,-0.6097762491144736,0
482,-0.012408510469176435,-0.5706372386737595,0
483,0.5810276322001529,-1.3634245019938032,0
484,0.3109598793497984,-0.9937145616497268,0
485,1.3944653472613215,-2.356441134769903,3
486,-0.18213817443244024,-0.36956740860659626,0
487,0.467903555101171,-1.3729722687503398,0
488,1.2542747226616755,-1.6037195816674137,3
489,1.7154056285698591,-2.1616992146284413,3
490,1.490748585445737,-3.0369606958072257,4
491,0.8449796599111753,-1.803298907216458,0
492,1.7345002325730081,-2.8504010016900327,3
493,1.4806186478874728,-2.1433455259991656,3
494,-0.1498157668751737,-0.40210746730699903,0
495,2.109277563752906,-3.4766778363555515,3
496,-0.03179318212498633,-0.6394361414456248,0
497,0.24324722030760532,-0.6153886640793708,0
498,1.799126358417378,-2.8995124549916778,3
499,0.23811789752770243,-0.8242104125226187,0
500,1.0970136824917518,-2.755130250689725,4
501,0.05455270795003281,-0.6295791168732225,0
502,-0.0822703801451884,-0.4713383689425008,0
503,0.014402204035713339,-0.7191380217556332,0
504,0.31318041010192643,-1.0466939191796047,0
505,-0.18615894900166394,-0.35066011414062637,0
506,0.12517472477877647,-0.7034772952295391,0
507,-0.18180849907180227,-0.3466666013596011,0
508,0.18740811217752745,-0.7298772597232608,0
509,0.3007410386069297,-0.8958989696775603,0
510,0.08656147232523442,-0.662238439165062,0
511,0.021673014497517143,-0.8896834349983739,0
512,0.13713789135383753,-0.694248036622626,0
513,0.21864701261234668,-0.8199486946140088,0
514,0.046215488100985296,-0.750120192642214,0
515,-0.15957883665249908,-0.3235978589007068,0
516,-0.06815048601056632,-0.6223385046394789,0
517,-0.19055696855922385,-0.3301445868237039,0
518,-0.13025523756572507,-0.5317632473168089,0
519,-0.19233161707936816,-0.319141177890902,0
520,-0.03005585063591173,-0.4140673428653802,0
521,-0.0032884174206096123,-0.6885039136082038,0
522,-0.018335569712935436,-0.8215292600031021,0
523,-0.1375169611907333,-0.5275225608076399,0
524,0.362731137620026,-0.7853770989255181,0
525,-0.027712382177642794,-0.5081426736930885,0
526,-0.06577796272407703,-0.5957393478449898,0
527,-0.19619640181077716,-0.30192634685256176,0
528,-0.19578885185893422,-0.3011870996796301,0
529,0.21328292044378178,-1.2101815853207465,0
530,0.9318081122321298,-1.6765740251002994,3
531,-0.0498565387861887,-0.45303784949295844,0
532,0.044710941122534674,-0.7010563287894922,0
533,-0.19707345440775073,-0.29758867908693204,0
534,0.2717116115915336,-1.361818019405033,0
535,-0.19771471076311842,-0.2943291283987929,0
536,0.2851344214366791,-1.4598471605968621,0
537,-0.2217758296747152,-0.17326929613539235,0
538,-0.22209964390448517,-0.17047278414887312,0
539,-0.23515834667816005,-0.10712269162765811,0
540,-0.23905760977075732,-0.08758509707307699,0
541,-0.2471977257328813,-0.046888119947311464,0
542,-0.25486748919372054,-0.008347849466320745,0
543,-0.25838763130618764,0.010750224399400465,0
544,-0.2585374146765468,0.011277133200592029,0
545,-0.2640063939129194,0.037224391495410805,1
546,-0.3250151834202306,0.29288399758130534,1
547,-0.3259641964263136,0.29369037757012584,1
548,-0.3266028529178111,0.2940310189156479,1
549,-0.31981987193639794,0.29836745410628085,1
550,-0.31946535014169763,0.2990862774295779,1
551,-0.3246764632609768,0.29768493033996024,1
552,-0.3263361403220297,0.29763646952815137,1
553,-0.32336819560571384,0.2999352961540388,1
554,-0.3275735944646283,0.2989169700207583,1
555,2.7417675071399352,1.4689056778752763,1
556,-0.3254903403833248,0.30087861132631655,1
557,-0.3207534362548434,0.30326729153753496,1
558,0.2628166165061744,0.5262038960455147,1
559,-0.32811584766189295,0.3016302623256757,1
560,-0.3267489240403365,0.3027350125202981,1
561,-0.32773998756353434,0.30294141732777635,1
562,-0.3273195154022828,0.30368555735347336,1
563,-0.32297979172574287,0.30592298695648484,1
564,-0.252956372687525,0.3331878650505116,1
565,-0.3240491239641429,0.30668358201739276,1
566,-0.3250034511784852,0.30748793704995436,1
567,-0.32692758963989016,0.30733873545578844,1
568,-0.28286154171740074,0.32471032061798505,1
569,-0.32883771367971587,0.3077789659576552,1
570,-0.3278018721793746,0.30875763647958154,1
571,-0.3290552054262061,0.30886405788448223,1
572,-0.32963415661423423,0.3092274807794449,1
573,-0.29389352240675937,0.323428133347907,1
574,-0.3106799696270561,0.31761641250441486,1
575,-0.26749728621846597,0.3346527326950629,1
576,-0.3240953677468168,0.3136736806158121,1
577,-0.33014688643228024,0.31195202284135654,1
578,-0.24247867358499522,0.1149201832981107,1
579,-0.29499096718210144,0.32826726641691145,1
580,-0.32582479661901015,0.31710250874723983,1
581,-0.29654255166348104,0.32884363483413076,1
582,-0.3302014265204908,0.31718699528263367,1
583,-0.050221819564727765,0.42444429746201795,1
584,-0.3265213186562425,0.32034110953332195,1
585,5.2848110295664545,2.458885851553654,1
586,-0.3316888140879965,0.3195402414895301,1
587,-0.33180494080604633,0.3200799750136951,1
588,-0.17955931633011446,0.3786734679695758,1
589,-0.11239162499171926,0.404849810078509,1
590,30.452574539661967,11.58511363252841,2
591,-0.32847849782238553,0.32368323214153405,1
592,1.7062975143794517,1.0995142693910154,1
593,-0.33162193845235083,0.323653590396959,1
594,-0.3325060681016001,0.3244846628108549,1
595,-0.3325454340336812,0.3250536457032051,1
596,-0.33288767579782275,0.3255072346089497,1
597,-0.31354902772488435,0.33404350327299287,1
598,-0.3138785603482309,0.3350857003563529,1
599,-0.32910512836550504,0.3298683025918151,1
600,-0.32571161787820335,0.331745321666994,1
601,-0.33344020065818597,0.3293845636146383,1
602,-0.3215216435332988,0.33450968859135316,1
603,-0.31665651465910766,0.3375311647541811,1
604,-0.33280700308857986,0.3325456786422884,1
605,-0.3342963531755423,0.33256224459201517,1
606,0.21453021617056722,0.07670353835318817,1
607,-0.33367666400356066,0.3339662940667323,1
608,-0.3323700021143343,0.3350480662369299,1
609,0.5634625236628337,0.6769418993506489,1
610,-0.33205406336106763,0.33633652841616646,1
611,-0.33120125500260267,0.3372451905972153,1
612,-0.3351651392263345,0.3369030622896033,1
613,-0.33368380104830464,0.338051347460739,1
614,0.9489616475109761,0.8273361440249335,1
615,-0.2686852213631516,0.3639835559073757,1
616,-0.30091819669584585,0.3534557251495675,1
617,-0.33574069232248843,0.3407716164848362,1
618,-0.2709933600672752,0.36661010965618923,1
619,-0.33602884478303174,0.3424137665615996,1
620,3.700738171120456,1.8828794911276745,1
621,-0.33632021733438494,0.3452226247606567,1
622,-0.33669414895201066,0.3462481214955699,1
623,-0.33676405784113106,0.3473894336872125,1
624,-0.33716235998706434,0.34782167657482405,1
625,-0.3374426026548465,0.3482988899702568,1
626,-0.33556040506447377,0.3495998898010631,1
627,-0.3175130993731766,0.35705939958569427,1
628,-0.3346007767575115,0.3511333938755743,1
629,-0.337723508147029,0.3505277690352651,1
630,-0.3198309122152153,0.3590966512000007,1
631,-0.33527466563046554,0.3549646020436948,1
632,-0.29887015185119686,0.37000301477880615,1
633,-0.2772067323662978,0.37884074020808,1
634,-0.31434757531192964,0.3652739660860714,1
635,-0.3390746764549002,0.3564367419287503,1
636,-0.33566081478693033,0.358905265598207,1
637,-0.33881015125646863,0.3582894874564469,1
638,-0.2197379959920895,0.40424299427921806,1
639,-0.3217655260169937,0.36595133311420786,1
640,-0.33923122700094377,0.35988095658642383,1
641,-0.2799987128252776,0.3830317985979948,1
642,-0.22298779820253936,0.4053357208845535,1
643,-0.33905586240775293,0.3616997278479975,1
644,0.6648607342238362,0.7447842703672031,1
645,-0.29550865329425197,0.3794586677591647,1
646,-0.33897278095134353,0.3634832572669688,1
647,-0.22983905374201835,0.4056472185409863,1
648,-0.33909812571594766,0.36460347695577416,1
649,6.776723648897924,3.0764179595998407,1
650,-0.33004012056383586,0.36922261508677623,1
651,-0.33940798932221744,0.36623741629298595,1
652,-0.34091798057218003,0.3668300223787587,1
653,-0.336476968780918,0.3691059229845823,1
654,-0.3407155565862793,0.3686590578562992,1
655,-0.3364290430697808,0.3708761808564089,1
656,-0.34200284372012957,0.3710885203753048,1
657,-0.3414241262462658,0.37189295909849135,1
658,-0.34221974499903557,0.3721738372972719,1
659,-0.34243133206968207,0.3732611791754977,1
660,-0.2816698352336657,0.3975794562739632,1
661,-0.34259670131139913,0.3749500997212013,1
662,-0.341140162771913,0.3760889350964619,1
663,-0.3433967594082398,0.37814915523686726,1
664,-0.34346489689460713,0.37929114241392936,1
665,-0.3437585249207579,0.38034723848786717,1
666,-0.34395259335994527,0.3808572726535672,1
667,-0.3424881064320717,0.3819992611268948,1
668,-0.34423661254739785,0.38250099769630985,1
669,10.389136583454068,-3.048654469150656,3
670,1.1846278628805937,-1.4151623452412359,3
671,3.082251104380552,-2.2649812801681217,3
672,5.220800883585147,-2.708340435975871,3
673,1.940838717314737,-1.4399628476069557,3
674,11.732368499703773,-1.4849214563243913,3
675,-0.29151609882449386,0.18091346244554196,1
676,-0.1984351343138313,0.09466008835567631,1
677,-0.033481792324294324,-0.5402176006466183,1
678,0.13735448332996686,-0.19580621653906266,1
679,1.7182173656072015,-4.16702239724752,4
680,0.17455876831071535,-0.2270756378473664,1
681,-0.013497629409615124,-0.2657552065721978,1
682,0.556089225956973,-0.8873056703918407,0
683,-0.131314361576925,0.028187367138553736,1
684,0.18171350580399928,-0.3228169356168557,1
685,4.590576291343765,-5.355044042468222,3
686,0.3591490329027529,-0.9494342251634035,1
687,0.2154953590263175,-0.48559643994638846,1
688,-0.2694381559255551,0.19235644071089922,1
689,-0.07458414115040618,-0.17479263752981122,1
690,-0.30276126607783055,0.23385890022090003,1
691,1.28438864079283,-3.9340998232985935,4
692,-0.06461900989737263,-0.04136732785729133,1
693,-0.22735239234064072,0.16003275271829895,1
694,1.0190954775111618,-2.118228729690572,4
695,1.3285358648015158,-1.393977124412524,3
696,-0.23917940637728777,0.033489076859965335,1
697,-0.06332054690294656,-0.2872819814536189,1
698,0.11336529183359663,-0.22177256570639758,1
699,0.6642854140960461,-1.4898126898545672,4
700,-0.09365101189121582,0.015201229586936869,1
701,-0.22105551612023797,0.17703009545144002,1
702,0.017785883619051424,-0.6100155771089948,1
703,0.07199993818103716,-0.12971810637045278,1
704,0.268877120059303,-0.3688067488774577,1
705,0.2682223237829487,-1.2394528553747264,4
706,0.282452735431738,-0.36129519630899176,1
707,0.08726324403987093,-0.17284648432034264,1
708,0.3038418087313777,0.22495211752685568,1
709,-0.30510967937012545,0.2557393576746211,1
710,0.0896572652993774,-0.26859642582176346,1
711,-0.3078180903815727,0.25645930971330405,1
712,0.12182056587464152,-0.20862392434551918,1
713,0.42099135884400324,-1.4895055903136265,4
714,-0.2747396080046818,0.21953551628390683,1
715,0.06059506247778849,-0.7405355912185908,1
716,-0.19632666899861276,-0.16192985524087722,1
717,0.032486895064857614,-0.02703459750480746,1
718,-0.2916054792614171,0.26964438647486094,1
719,-0.10596652871509635,0.13116905661783235,1
720,-0.0035453423231034224,-0.038424427174732774,1
721,0.2238419762469301,-0.2658845762126251,1
722,0.7283575357748946,-0.37477442537925987,1
723,-0.03359435248999131,-0.6120742245483085,1
724,-0.30906756258379364,0.2735026970475819,1
725,0.14985642342114094,-1.1568838070702985,4
726,-0.00526731738319637,-0.20714252073560058,1
727,0.0254834288723433,-0.6827793172509692,1
728,0.2072941590021257,-1.3630976793999616,4
729,-0.07952779361254984,-0.5636969820700398,1
730,-0.20806305392478386,0.16282125590518948,1
731,-0.19193063383037787,-0.010771448733091927,1
732,-0.07469789375362795,-0.4304772584464635,1
733,-0.25856293060349617,0.071070794015208,1
734,-0.25857341719783855,0.25197366328327025,1
735,-0.24671913086670186,0.20521168235663392,1
736,-0.012722932711264078,0.1376131450624286,1
737,0.16668079985966103,-0.10754643176140576,1
738,-0.27328019146043026,0.24987415295936868,1
739,-0.132058051592891,-0.21372217608669344,1
740,0.16839461099590855,-0.6985609010418804,1
741,-0.01886397548968498,0.06393098252578197,1
742,-0.22528601621874259,0.03889439939699059,1
743,0.4026688922309524,-0.845049099805608,1
744,-0.3145259303248976,0.292446185914652,1
745,1.2985149728331136,-3.701818666928245,4
746,-0.27689763332077394,0.2572556599841423,1
747,-0.28211507138986236,0.25585198054876634,1
748,-0.2355748356690439,0.3301193921082439,1
749,-0.3165766116035489,0.30042454483912245,1
750,-0.07699387868529427,0.02516359432656559,1
751,-0.2834904574274295,0.26525562405157144,1
752,-0.15185293907179956,0.36844051976062936,1
753,-0.31771263767091945,0.3110872839062461,1
754,0.552554299502245,-0.1369757373688875,1
755,0.30556606544653087,-0.3648528027957772,1
756,-0.0018994042943432416,-0.34705470783804615,1
757,-0.23287202114300462,0.0681229492178926,1
758,-0.25184145569989813,0.24355444392655842,1
759,-0.12074644165189583,0.08488328273665595,1
760,0.02213076604316488,-0.19425655765540847,1
761,-0.2669617846282191,0.29841548762478587,1
762,0.0039825528027007655,-0.017342167933246645,1
763,-0.1898920943198544,0.1739436166697872,1
764,0.5506475146277761,-1.6447336408172741,4
765,-0.32270772179491963,0.3342952645405449,1
766,-0.1609935657824944,0.34404304228259935,1
767,1.3857559905868568,-1.6353576346615848,3
768,0.5148453638849967,-0.3914499998630092,1
769,-0.32403946847058546,0.3384596575283065,1
770,-0.06296706516897922,0.07138720707386018,1
771,-0.32410753787950514,0.33960170174568083,1
772,0.010140399350328795,-0.7475916000019169,4
773,-0.3243572166671634,0.34184244851279105,1
774,-0.29023881447864897,0.30356300938017355,1
775,-0.32483133237806094,0.34341375364064636,1
776,0.27169635574373796,-0.32031793133728437,1
777,0.16605329751572476,-0.20147556141349385,1
778,-0.29225566490953764,0.3068823789591009,1
779,-0.2783421767336655,0.31335170916569716,1
780,0.20907274834631834,-0.2346136150889677,1
781,0.031147900447911395,-0.039583874537264495,1
782,-0.05298667353883697,0.034421389839249986,1
783,0.39367233719240347,-0.21438238941950025,1
784,-0.25922348127712896,0.27461279293699714,1
785,1.3423432733453873,-3.1594858614481467,4
786,0.2968248096377332,-1.350369816039531,4
787,1.670419925376201,-2.610290501224552,4
788,0.3081974345517191,-1.0267405799374052,4
789,-0.18638172575057693,0.26393299116312635,1
790,-0.3260425817390347,0.3692313901035308,1
791,-0.05633868430373424,-0.0748770322482546,1
792,0.029379633690192596,-0.7629255563778232,4
793,1.2769849869409984,-1.3247411851116875,3
794,0.4617017321403287,-0.5328230446263754,1
795,-0.07967041776662864,0.10064394326476063,1
796,0.3616109416116716,-0.09601004553461141,1
797,1.1976903408085375,-0.7957565688325473,3
798,0.07982276213614821,-0.09323010736928601,1
799,0.49543095965151734,-1.2030403967105987,4
800,-0.15025350686685454,0.24043412350373844,1
801,-0.3313881144584233,0.38237815200160596,1
802,-0.2185580469725177,0.42594951494110134,1
803,-0.24300170904856802,0.3123282780025738,1
804,-0.19549141448620944,0.23196029581606747,1
805,-0.1895580615404916,0.287251772068346,1
806,-0.2347550108863452,0.14332324859970771,1
807,0.16536965618754929,-1.0766964215369084,4
808,0.47316193466548895,-0.7620189621477614,1
809,-0.1918086218456479,-0.07074848380735445,1
810,1.9451277566748273,-2.8618437719368544,3
811,-0.22473332198108031,0.27852092351985197,1
812,-0.2145754925655588,0.10265232647780745,1
813,-0.1448561441504122,0.024906089375661085,1
814,-0.26740941913588084,0.31879613074772467,1
815,0.2535607682746765,-0.5746925631619461,1
816,0.32921065378473663,-0.23708307067067494,1
817,0.5672701333022868,-0.7392103152920678,1
818,-0.3330690316274868,0.40334502086540513,1
819,-0.199958115398426,0.24544176175571625,1
820,-0.26135267143707924,0.3275275472582375,1
821,-0.19530224120636527,0.2507195125164152,1
822,2.0534961210316993,-5.318153906172597,4
823,-0.23109130460198998,-0.010493470743578466,1
824,-0.3392390570476368,0.4144255707222356,1
825,-0.33901274660547304,0.4150957729073783,1
826,-0.3052478096221057,0.37609758651360636,1
827,2.254905627388467,-2.4223029908777485,3
828,0.1617703437212588,-0.892109596146607,4
829,-0.30152761762808816,0.4340498791988486,1
830,-0.06920328590561485,0.15835733691435538,1
831,1.4413216137436737,-2.455353630225135,4
832,1.2798362686030331,-2.446779502450131,4
833,-0.3403486734310587,0.42451440552408776,1
834,-0.11556768592266844,-0.11213849087999406,1
835,-0.23654547926881436,0.3078917962915328,1
836,0.17067235227153502,-0.5493622467213307,1
837,-0.07819645796933102,-0.32891851986428744,1
838,-0.3376941351265191,0.4284458215163477,1
839,0.6702050831313908,-1.8882641566679985,4
840,-0.30202484690364284,0.39075721645496203,1
841,-0.33997692112580363,0.42932790949042027,1
842,-0.307488902053919,0.3904271732161095,1
843,-0.17818653638196058,0.3878274540189602,1
844,1.9472278686624946,-1.732313235731719,3
845,0.8496182971734565,-2.5860515589563997,4
846,-0.08384284978586228,-0.01002274648525752,1
847,-0.28289554965504415,0.2305699644005308,1
848,-0.273229642060016,0.36271299451099825,1
849,-0.10738158479345108,0.037544001845027694,1
850,-0.22153817773684994,0.1548933888834952,1
851,-0.3443508545516602,0.44751671337664006,1
852,-0.30801326039461324,0.46194645215691693,1
853,0.1307785223726455,-0.04216751956907173,1
854,-0.27771972015399804,0.37968929584868627,1
855,-0.14610274771921433,-0.2020109661978204,1
856,-0.3507007731058274,0.47137635973787745,1
857,0.5280263541804868,-1.0683630970455247,1
858,-0.18038363193666918,0.27520232798404165,1
859,-0.3478553821735421,0.47421250198170345,1
860,-0.35106844329418924,0.4735721930374787,1
861,-0.2790043022534874,0.3967191803084625,1
862,-0.35033948358037464,0.4750178951332309,1
863,-0.1125346138253905,0.19907910874328594,1
864,0.34961163554625074,-0.4863875981427181,1
865,-0.3516260486486478,0.47627963546875907,1
866,-0.35181716474991326,0.4767907946101586,1
867,-0.35010169505995675,0.47802843453809374,1
868,-0.29402591878214845,0.2672075872768553,1
869,-0.3507927418091154,0.47893308036273236,1
870,-0.1418947508835079,-0.06377199484993927,1
871,-0.18002115761840426,0.15505524485647654,1
872,-0.26301321939830147,0.22891280848686327,1
873,-0.3511798974277616,0.4811214888227174,1
874,-0.3526906745413806,0.4811298123466277,1
875,-0.04385660077079596,-0.6169153459184894,1
876,-0.2414153801333601,0.23947747864048127,1
877,-0.24860594257320026,0.3669502743861441,1
878,-0.28490467352038823,0.406150982333439,1
879,-0.29878969713940084,0.5063403045935232,1
880,-0.0020970533487712074,0.14794431513693523,1
881,0.8522029478153336,-0.5749284680389224,3
882,-0.0397920142088282,0.29209311550870165,1
883,-0.3399076929634514,0.4930084944299729,1
884,-0.024310060812611493,-0.2942594807373228,1
885,0.9444211817683645,-1.160330501160199,3
886,0.6592086261550913,-0.42814706759368226,1
887,-0.18005412630083675,-0.006008850353277063,1
888,-0.3529426856362444,0.49913724551873934,1
889,-0.30864535049948433,0.46415194886102296,1
890,-0.35540372476856263,0.4999514420008785,1
891,0.41622913425855906,-1.352251392184801,4
892,1.8957353130344743,-0.6335799665825055,3
893,-0.3568365984791363,0.5017413840681255,1
894,-0.2903158928552744,0.42277655110041795,1
895,-0.34367075163363126,0.5090941059739124,1
896,-0.2337260644460832,0.21448763804485096,1
897,-0.15887622713813737,0.011987988176492853,1
898,-0.35786678185590326,0.50718866823083,1
899,-0.3578636681606332,0.5077738222530958,1
900,-0.3019830143273932,0.2968787177205196,1
901,-0.3472336799145769,0.5129922998947677,1
902,-0.35767468877427794,0.5095977969230431,1
903,-0.35787233405769525,0.5101064525977479,1
904,-0.3537466097270453,0.5122624941665413,1
905,-0.32146544970576374,0.47269895202654777,1
906,-0.35877690063760187,0.5115137362686262,1
907,-0.05085519103700056,0.26228889228389385,1
908,0.045334311093221134,0.03728883933490651,1
909,-0.24615734605878234,0.09063458826891838,1
910,-0.3024947331263556,0.30252357613619985,1
911,-0.18924758205566292,-0.11928441068632631,1
912,-0.3590721770272499,0.5149051055885825,1
913,-0.3596445057532254,0.5158550039564942,1
914,0.2611661168376595,-0.5747002475809141,1
915,-0.2887325696180878,0.4391472892495925,1
916,2.205640691102317,-2.8027073139122933,4
917,1.5334768722828898,-3.4035505470534324,4
918,0.01483647250529049,-0.47707631084794905,1
919,-0.030551779623418547,-0.33644272487393767,1
920,-0.06065806551528425,-0.2719029190058277,1
921,-0.3538366941309545,0.5250752987573407,1
922,-0.2933925140364515,0.44379556050009306,1
923,0.3449652633968067,-0.6094420986455638,1
924,0.6023332444708287,-0.5762093412563362,3
925,0.0734273973413145,0.11445674700956245,1
926,-0.36150194705380656,0.5262429130433014,1
927,-0.2053287737915701,0.19621925671074625,1
928,-0.36192669292241225,0.5272490316760285,1
929,-0.36199381083095905,0.5278074397968041,1
930,-0.11522380069195821,0.25586843825433264,1
931,-0.06518126319635165,0.2230733836977585,1
932,-0.3621507181304228,0.5300835678411887,1
933,-0.26108310494486503,0.5167307774818951,1
934,-0.35839905273602307,0.532681105618485,1
935,-0.22833591322270036,0.24515670452695063,1
936,-0.36256618215439523,0.5322612050546152,1
937,-0.27519051008947226,0.28091900376397866,1
938,-0.2801722359491051,0.3320522846044254,1
939,-0.29250070125245164,0.45581470207663854,1
940,-0.3060957907000257,0.5561126209775038,1
941,-0.08309159027666903,-0.08611155217252908,1
942,-0.36292657989440946,0.5385476912726728,1
943,-0.3642029754157554,0.5386453093469619,1
944,-0.2981107071008929,0.3316413278038849,1
945,0.3119494714670437,-0.5826852597521426,1
946,-0.364529508269283,0.5402728347396326,1
947,-0.36381130429061154,0.5411304863964564,1
948,-0.02921419728794794,-0.4192222107504549,1
949,-0.36382390378532375,0.542293651636824,1
950,0.8000654417459564,-1.1050657110681883,3
951,0.10553561060930812,-0.011965060564200696,1
952,-0.0883301866799629,-0.20663965929671577,1
953,-0.24855531622692761,0.12300788940136698,1
954,-0.2725219417484629,0.29478324549583834,1
955,0.19387735296217587,0.2862725770768551,1
956,-0.19618990526306435,0.09226530004453082,1
957,0.4921237072837122,-0.43808428516489617,1
958,-0.35864397821987454,0.5506912387322752,1
959,-0.354034592860174,0.5530316083609474,1
960,-0.3650070225458122,0.5494346097633256,1
961,-0.3651907508556167,0.5499485062417353,1
962,-0.36589705687090524,0.5502634322258229,1
963,-0.09496459279514964,-0.5080237286394929,1
964,-0.3003028417125667,0.5257295570790401,1
965,-0.31727127557662743,0.5722955253063787,1
966,-0.36626177900071366,0.554212338206151,1
967,-0.2586822900853995,0.13024471303391555,1
968,0.005778237636636183,-0.6240605114568928,1
969,-0.10783230317909315,-0.04388571777437867,1
970,0.7578630126034869,-2.1749278535589713,4
971,-0.3678578214400151,0.5571080717530945,1
972,-0.19133579234325387,0.05451442906992927,1
973,-0.19987687638315704,0.3600437025444655,1
974,-0.3348783379418586,0.5189785890018913,1
975,0.2739870801483914,-0.26145279654473824,1
976,-0.36823061044056427,0.5598859376631593,1
977,-0.2578784378812675,0.13697481614864443,1
978,-0.36692056254627736,0.5615530920168713,1
979,-0.2399147028274984,0.27344769513757405,1
980,-0.3654456128386017,0.563867049061178,1
981,-0.29970373395853006,0.48460544750396095,1
982,-0.3681389011276511,0.5640087648866194,1
983,-0.2230538800325959,0.2822082940279868,1
984,-0.24553681673058578,0.2742252972137407,1
985,-0.25963254374158523,0.14156230074246628,1
986,-0.07859405387885308,-0.1789864711737281,1
987,-0.3118019857677746,0.3562074479606637,1
988,-0.36666667860246993,0.5686576307471328,1
989,-0.31671830679361834,0.5358252175241912,1
990,0.0689013327581483,-0.5099805018772993,1
991,-0.370188822022633,0.569067482442741,1
992,-0.3688896319796608,0.5701465007970565,1
993,-0.36916396997159906,0.5706259641438881,1
994,-0.3695759549881445,0.5710529465828142,1
995,-0.2967529126402715,0.36661371315945307,1
996,-0.37001188570212956,0.5720548188280394,1
997,1.3000083293501956,-0.4693593577047095,3
998,-0.2710710988173099,0.4541633466247784,1
999,-0.19245955866182748,0.3798055965357347,1
1000,-0.3712910424446938,0.5744873171983793,1
1001,0.3529783120654699,-1.1454918192775172,4
1002,0.3462225577458388,0.06231708876642728,1
1003,-0.28269724886884506,0.3259451150321415,1
1004,-0.005041235990078177,0.1930665837499794,1
1005,-0.10260693040037448,0.26137100493750987,1
1006,-0.06085298020231197,-0.08219902397486341,1
1007,-0.3322149985328768,0.5427686911223398,1
1008,0.3620277316155873,-1.3913730907380977,4
1009,0.01135091259189002,-0.4648621264500421,1
1010,-0.37246078012618195,0.5828013403514035,1
1011,-0.029903907720228242,-0.24605860034621743,1
1012,-0.3731982784184344,0.5842722691267137,1
1013,-0.37329137690069364,0.5848207774613341,1
1014,-0.37353091134387767,0.5853134870012632,1
1015,-0.2701762866566693,0.3406437624707576,1
1016,-0.1842907215720121,0.5542777467742478,1
1017,0.20560699309607136,-1.0833198085297284,4
1018,0.3837787771742065,-0.060775027648256576,1
1019,-0.3076366536245895,0.3811539699296571,1
1020,-0.3729137199195949,0.5896365313790655,1
1021,-0.1397220490557143,0.3119402318893291,1
1022,-0.33817848300902814,0.6040402106114408,1
1023,0.15001968572974048,0.42351200130462674,1
1024,0.2406599666838927,-0.8625700449906483,4
1025,-0.27338450460604174,0.4731372124282637,1
1026,0.2856560799389403,-0.8436730017803103,4
1027,-0.3750454820946408,0.593496112992594,1
1028,0.11255934533077538,0.09805215934315754,1
1029,-0.31772267698556217,0.3837345326784976,1
1030,-0.3410705042879524,0.5557459435270824,1
1031,0.49596466666156336,-1.2031839691187411,4
1032,-0.3729955825965008,0.5971971339616107,1
1033,-0.30461866574504864,0.623835490252357,1
1034,-0.31262029834727195,0.3885985788796321,1
1035,-0.3759780386445455,0.5978126312150743,1
1036,-0.16415152738098904,0.521767782676589,1
1037,-0.31211600101904746,0.5708666124164181,1
1038,-0.28272501788147386,0.34987795020532375,1
1039,-0.30840692950617343,0.5209999837860956,1
1040,-0.3765202918418103,0.6005259235199919,1
1041,-0.2107610977544971,-0.034044761196982506,1
1042,-0.37673128844487236,0.6016134903933577,1
1043,-0.37574009304614775,0.6031591473715313,1
1044,-0.3748778149768889,0.6040716978424874,1
1045,0.6738772579243839,-0.04468758524162068,1
1046,-0.3358586218674225,0.5705793819272111,1
1047,-0.23625295517567838,0.1435735681528449,1
1048,-0.3768819088350853,0.6085638789326413,1
1049,-0.3764642188181368,0.6093070365834193,1
1050,-0.3775705596751829,0.6094694532579955,1
1051,-0.3781732316827574,0.6098237907868946,1
1052,0.15911501215039134,-0.8437349525696565,4
1053,-0.36475390860683904,0.6161051169492313,1
1054,-0.29644642306498475,0.5378197915170975,1
1055,-0.37873870851188474,0.611944250714634,1
1056,-0.3250474404040583,0.40021492124367253,1
1057,-0.335465514892327,0.5771530189840751,1
1058,0.012882669770019787,-0.5058352857952428,1
1059,-0.17767677925296757,-0.05987076051918469,1
1060,-0.13907009790518685,0.3390515827780753,1
1061,-0.16760465060544022,0.07301121254082335,1
1062,-0.3183601570468726,0.5865909977161681,1
1063,-0.3707144963131343,0.6196736916938882,1
1064,-0.3795376239916488,0.6168956754054512,1
1065,-0.37948841978607384,0.6174984075687843,1
1066,-0.37665522899761983,0.6191619347763674,1
1067,-0.1799903709258441,0.37999546606336326,1
1068,-0.32297964004105206,0.4080106450436638,1
1069,-0.11205240008538896,0.17427836036537486,1
1070,0.6010766186579765,-0.5269387848455653,3
1071,-0.3801427004670214,0.6207529798436899,1
1072,-0.2391346708978144,0.15765906364872784,1
1073,-0.2684780297226842,0.5077098423493626,1
1074,-0.3800054868320192,0.6231412125080497,1
1075,-0.24619867279450025,0.46491910806125175,1
1076,-0.38121142131475266,0.6238496625707078,1
1077,-0.22755128990089435,0.2928686867703111,1
1078,0.029803291517865576,-0.5920203245992397,1
1079,-0.1775782569106909,0.3885060456684932,1
1080,-0.01251616174638747,0.16676609366894615,1
1081,-0.07701351742766378,-0.16542608884952315,1
1082,-0.1878732451978064,0.4387834899210904,1
1083,-0.21481383821129588,-0.0069738214295264785,1
1084,0.12844864405115664,0.08845118554707715,1
1085,-0.17902967903522413,-0.04461867095684622,1
1086,-0.3823213178154102,0.6292665723895275,1
1087,-0.3801033261724271,0.6306957117016618,1
1088,-0.3269381646822785,0.418765911561062,1
1089,-0.3438440927553129,0.5932319338253342,1
1090,-0.3475159471890191,0.5924168036574182,1
1091,-0.2938460380304018,0.38067928880095303,1
1092,0.3101650150119063,-0.9425632471270063,4
1093,-0.2296054805307859,0.4817535221520241,1
1094,-0.17941591554627825,0.3965655137578384,1
1095,-0.054243050186310884,0.2874991616716669,1
1096,-0.2995189579326561,0.5617614242370729,1
1097,-0.18851324395737537,-0.04122440539412314,1
1098,-0.27070907973491526,0.2132594543164135,1
1099,31.314252654453334,12.71338576139762,2
1100,-0.38383962676775146,0.6368637908432966,1
1101,-0.3817987754000807,0.638225431613465,1
1102,-0.38257334155215583,0.6385142385163449,1
1103,-0.3823994806088301,0.639164501694506,1
1104,-0.2809638362533114,0.5735038563433937,1
1105,-0.3499533847354361,0.6002477907652632,1
1106,-0.28415551355102014,0.5210074781858673,1
1107,-0.38408041878228877,0.6408598887626888,1
1108,-0.1768512967112099,0.3302911470381638,1
1109,-0.3837882689260161,0.6421392085355497,1
1110,-0.37276050092416335,0.6469252753347821,1
1111,0.25944810146072356,0.573713371308684,1
1112,0.604808020275936,-0.5758372422051672,1
1113,-0.2803722349393205,0.5265369465037383,1
1114,-0.3519840155962056,0.6047298755942786,1
1115,-0.3849491367556335,0.6452007635005891,1
1116,-0.3852548035682676,0.6456682735848508,1
1117,-0.37290556911258443,0.6509578795071476,1
1118,-0.37893619358169245,0.6492437479884987,1
1119,0.03931099422698304,-0.436578595402959,1
1120,-0.21139926662116548,0.5044572840892153,1
1121,-0.3860344247344509,0.6482911178435342,1
1122,-0.38044255271989547,0.6510053777518765,1
1123,-0.06305637300297412,-0.26345661576866525,1
1124,0.45693314235582394,-1.5957348340838506,4
1125,-0.38654498807823134,0.650432502319283,1
1126,-0.38488557877006674,0.651648796229085,1
1127,-0.24807615652182832,0.5994669283909022,1
1128,-0.3848267316870696,0.6528391858813787,1
1129,-0.31727211732296784,0.5742683194036113,1
1130,-0.3204752085721283,0.5736317783364527,1
1131,-0.38720513939629914,0.6536848531629458,1
1132,-0.3859578764620279,0.6547441004651074,1
1133,-0.3334764764345852,0.4425537559525198,1
1134,-0.33228120868646266,0.4435931751622153,1
1135,-0.3869587232969113,0.6561146814080284,1
1136,-0.17020260742682378,0.16885189383497407,1
1137,-0.1860433004359973,0.47159902953396604,1
1138,-0.1905585608190849,-0.01806058142113212,1
1139,1.5303702220271702,-3.7213648062689937,4
1140,-0.3881012866314131,0.6591832112224044,1
1141,-0.3838389348539768,0.6619753127553899,1
1142,-0.3869050035848385,0.661390999080841,1
1143,-0.38844474764881554,0.6613882693227408,1
1144,-0.3886866439623372,0.6618800788821101,1
1145,0.3157943375650566,-0.7344605804771822,1
1146,-0.27079018506126207,0.42274974741038907,1
1147,32.190983055924896,4.736607680950887,2
1148,-0.3891499698993677,0.6640394629690499,1
1149,-0.2099696439284721,0.16245848855813813,1
1150,-0.2987313430893627,0.4144405163937672,1
1151,0.1284512588843819,-0.3597771764193765,1
1152,-0.3896723425948357,0.6661763475420011,1
1153,-0.2694067976703175,0.3749186306144955,1
1154,-0.07517021367667778,0.36759667041134725,1
1155,-0.25104093771410446,0.5109603657143154,1
1156,-0.2365893019657202,0.3378953893332686,1
1157,-0.38950331606709315,0.6703286206086302,1
1158,-0.390569471089678,0.6705063654728747,1
1159,-0.08880548321975333,0.3140429765194997,1
1160,-0.3360632303967903,0.45967152982136633,1
1161,-0.01108748385384981,0.11205229103639713,1
1162,-0.3538243804098925,0.6343957342954466,1
1163,-0.323132372890506,0.5942265591130841,1
1164,-0.30342897503942107,0.42199448248005256,1
1165,-0.39129083564044864,0.6743193743887118,1
1166,-0.25223394645935243,0.51809735315655,1
1167,-0.3913394876965316,0.6754687864053904,1
1168,-0.37582075940282045,0.6819660521579708,1
1169,-0.39024728830215505,0.6770529460726407,1
1170,-0.3813311685369212,0.6810343161710164,1
1171,-0.20977520573019426,0.4847481779273622,1
1172,-0.39169341577310457,0.6782538236397755,1
1173,-0.3914709410917881,0.6795065939861296,1
1174,-0.03901456388645983,0.2922470699739481,1
1175,-0.10685418475578269,0.371875591686269,1
1176,-0.34656409358235085,0.6482577901711242,1
1177,-0.3895693213141423,0.6849030318397507,1
1178,-0.39044649267100334,0.6851528036689147,1
1179,-0.35298777109357155,0.6475614960543067,1
1180,-0.036565491350642826,0.11636019116133031,1
1181,-0.39152298743413444,0.6864945281936182,1
1182,-0.10430112389546249,0.5867304613508916,1
1183,-0.19401218063255227,0.01215856625664087,1
1184,-0.39390191753350057,0.6873400275203575,1
1185,-0.39374646320146195,0.6879832302887139,1
1186,-0.39155028482037685,0.6894040733008282,1
1187,-0.3910757825967038,0.6907528310114458,1
1188,-0.3608965258184478,0.6509723352200251,1
1189,-0.2401911165822944,0.3598822111515782,1
1190,0.08609265973802073,0.14063719257947194,1
1191,-0.32422569401320817,0.486957466990691,1
1192,-0.3592602940166081,0.654515574389561,1
1193,-0.3939373627060368,0.6943343186320751,1
1194,-0.3949793425963861,0.6945212597768989,1
1195,0.3568372090785326,-0.33962377343107736,1
1196,1.4585789926421249,-2.3766337133069806,3
1197,-0.255506766931365,0.5407940174892125,1
1198,-0.2819563257965317,0.2755477986613027,1
1199,-0.3595161953603701,0.65967408333565,1
1200,-0.39617938096201255,0.6987358552010111,1
1201,-0.3960250735264187,0.6993786364992438,1
1202,-0.16146584793314503,0.038575599243402155,1
1203,-0.39293240399490476,0.7017250511802713,1
1204,-0.3964360432445119,0.7009739875869105,1
1205,-0.29653735230112,0.5822795388420833,1
1206,-0.09786539952386787,0.7110137448453792,1
1207,-0.39691845954031446,0.7025421142626516,1
1208,-0.3945322186745083,0.7040353486694971,1
1209,-0.10212486946730537,0.5013508500157526,1
1210,0.4067363450936213,-0.19578511552476827,1
1211,0.18140408770890984,0.03421016394604703,1
1212,0.26933966795690617,-0.31532744440399707,1
1213,-0.3643060557629354,0.6666086898061896,1
1214,-0.3107635514476478,0.4548226900801332,1
1215,-0.39750974160937774,0.7075726412240108,1
1216,-0.39804075586024396,0.7079542991835338,1
1217,-0.3976171952061753,0.7086996782655547,1
1218,-0.3981797154180123,0.7090693154639658,1
1219,0.005803373683272223,0.23421170813910466,1
1220,-0.36499379770012064,0.6704344949248442,1
1221,-0.36216477422348115,0.6720964186462921,1
1222,-0.398321826989143,0.7113510969070035,1
1223,0.21967107124142038,0.0033509818594681766,1
1224,-0.39839898712599253,0.7136576278154286,1
1225,-0.3450944752859316,0.501780926527842,1
1226,-0.2842985398455614,0.2933427676265548,1
1227,-0.36427466389545216,0.6765482400459385,1
1228,-0.3990310935122536,0.7163366352986155,1
1229,-0.30144346596859034,0.6492075893206063,1
1230,-0.23849233348268248,0.5688846539519241,1
1231,-0.11150209000521595,0.09986490199622976,1
1232,0.01030359841413677,-0.4990055504064885,1
1233,-0.397524322075567,0.7198307462994052,1
1234,-0.4001180848163766,0.7194263716964528,1
1235,-0.38669023627765986,0.725126901138541,1
1236,-0.393284178631541,0.7231983841039538,1
1237,-0.39734876208630415,0.7222335751277014,1
1238,-0.3997836550081931,0.7218897527375344,1
1239,-0.3957706419087111,0.7240028772749215,1
1240,-0.3647666632724319,0.683952670647355,1
1241,-0.3894359191037387,0.7275845691481266,1
1242,-0.39933766086528666,0.7243956293398984,1
1243,-0.3999398445214483,0.7247501063034691,1
1244,-0.2938659414644949,0.608408742292037,1
1245,-0.3608703464354994,0.6889411663847375,1
1246,-0.25318366003527293,0.6256623449385051,1
1247,-0.35694911472821267,0.6916033633276493,1
1248,-0.1955267348545122,0.05538023190899289,1
1249,-0.16434181076835536,0.4514744686922464,1
1250,-0.4020550055266841,0.7286160448212262,1
1251,-0.31351774756840084,0.4777165230513697,1
1252,0.05915333204528163,0.22369909570473467,1
1253,-0.3981295813051297,0.7318637602162156,1
1254,-0.40031647784158164,0.7316144357848005,1
1255,-0.34378206732961114,0.5209684113303078,1
1256,-0.40068690069242485,0.7326412539703973,1
1257,-0.30796627376320557,0.663659648668304,1
1258,-0.3957313059322089,0.735697528317765,1
1259,-0.3693690270154225,0.6938786063753991,1
1260,-0.31546984624044866,0.4822285322339896,1
1261,-0.25355140094078576,0.45395796390550236,1
1262,-0.4014283411410642,0.7364466130514784,1
1263,-0.3990751664599831,0.7379272477304903,1
1264,-0.31431575414525276,0.48558817853548736,1
1265,0.6696642843373638,-0.5320068944942246,3
1266,0.17090684075459558,-0.13805446177233452,1
1267,-0.26517115212600756,0.4536177539532912,1
1268,-0.40362078987930794,0.7391150729869811,1
1269,-0.05323175384651124,-0.03489713982486041,1
1270,-0.09050900897932193,-0.17639195865068363,1
1271,-0.4043234165453584,0.7405993049957005,1
1272,-0.3997435545648767,0.7429284248673784,1
1273,0.1297874863486837,-0.7660340102755488,4
1274,0.20499213663809618,-0.940098418905599,4
1275,-0.19280780998944966,0.200643672524281,1
1276,-0.27154303028802057,0.5843221103933275,1
1277,-0.3490163447300788,0.5324055395054715,1
1278,-0.4050530476423103,0.7444091639795793,1
1279,-0.4054189421485505,0.7448537245595724,1
1280,-0.33803333766847504,0.6662183953911736,1
1281,0.41886123717328805,-0.9429221336026348,4
1282,-0.4057230372338718,0.7464897997675589,1
1283,-0.1461002702562523,0.17066504451749254,1
1284,-0.3630825185162496,0.711457629928447,1
1285,-0.4061816394302274,0.7486509838156179,1
1286,-0.4062830044586679,0.74919634221828,1
1287,-0.40623737709732294,0.7497976958906175,1
1288,-0.4064999057375738,0.750281659140247,1
1289,0.08670294080915968,-0.8479522453931226,4
1290,-0.35225163130161025,0.5393485576529204,1
1291,-0.39160130000544874,0.7577106271745645,1
1292,-0.06779635043470018,-0.026429798301584085,1
1293,-0.40546699565206984,0.7535950673574437,1
1294,-0.25593998731809675,0.5259345108777577,1
1295,-0.323598478847448,0.7335104179503892,1
1296,-0.37370426161296666,0.7150020407438722,1
1297,-0.4068973032599632,0.7553860805261866,1
1298,-0.40620862266051033,0.7562324824260162,1
1299,-0.37019751294745795,0.7180902060645261,1
1300,-0.4077835993834778,0.7568003105262455,1
1301,-0.24791819905665885,0.6085061325078155,1
1302,0.16525568061259718,-0.6825515463637727,4
1303,0.9218900295026582,-0.15088580165515458,1
1304,-0.40821740194128975,0.7589709443701794,1
1305,-0.2861616273783953,0.4683953556664958,1
1306,-0.40784619750615836,0.7602803564514728,1
1307,0.07494619188708668,-0.9697952451060139,4
1308,-0.39545348151784515,0.7661703273389713,1
1309,-0.40802157065808614,0.7619654805999545,1
1310,0.9253403404841213,-2.0011680516158523,4
1311,-0.2188778213163649,0.39264113665721323,1
1312,-0.4089291236146384,0.7633716107749774,1
1313,-0.4089401811413933,0.7639513649138859,1
1314,-0.4084398256626322,0.764726021884248,1
1315,0.002032026773963429,-0.5798110083963122,4
1316,-0.16440957469496537,0.49174359110788785,1
1317,-0.3054492598876535,0.6483775917043718,1
1318,-0.40972606801620903,0.767155820312909,1
1319,-0.37424044041452614,0.7288133267970769,1
1320,-0.16687060788126568,0.49372504078657314,1
1321,-0.4097768525078335,0.7688884184359066,1
1322,-0.41024253603583327,0.7692949548372591,1
1323,-0.36797243588968587,0.7335376554787162,1
1324,-0.40990321685025816,0.7705922171809988,1
1325,-0.40790984116040396,0.7719356586988838,1
1326,-0.3568427720773529,0.561542430743972,1
1327,-0.2649851551186764,0.31190765103129214,1
1328,-0.1574160585171655,0.06825953883458878,1
1329,-0.30925021479819403,0.5289810104679332,1
1330,-0.24462556845827205,0.7869607249442464,1
1331,0.2925356578932116,-0.15514553049501978,1
1332,-0.26613206216036356,0.5471631490348801,1
1333,0.22008478571722367,0.12661918735919442,1
1334,0.4065190151147476,0.1457902060769219,1
1335,-0.41133227191745836,0.7788073819071449,1
1336,0.3721723908944495,-0.971048719401217,4
1337,-0.2489636995000701,0.1435288073096204,1
1338,-0.4121854337788005,0.7802342686753494,1
1339,-0.4117742389052799,0.7809749513795885,1
1340,-0.1693260904511129,0.5068051243214133,1
1341,-0.3770726249370223,0.742917664844398,1
1342,-0.3257003072042852,0.7106282599527948,1
1343,-0.3774340634554757,0.7445318584835036,1
1344,-0.4131494464680253,0.7839548331088494,1
1345,-0.05506197630602386,0.21676479761014336,1
1346,-0.2713827386009922,0.6299337782811589,1
1347,-0.41360611590427954,0.7867007211888941,1
1348,-0.4098558949185679,0.7887136943688767,1
1349,-0.3251186398104403,0.716690214981946,1
1350,-0.29871575478522727,0.6748867036236078,1
1351,-0.41042681327457914,0.7902481288139466,1
1352,-0.35556064257692926,0.7592903370528739,1
1353,-0.02635717611404891,0.10508266995746941,1
1354,-0.40697658813982207,0.7938987236477382,1
1355,-0.3813977575913294,0.7517813187152117,1
1356,-0.16688283659300607,0.5194161045068696,1
1357,-0.3607636560931034,0.7613956328569765,1
1358,-0.41518540437515955,0.7936907360966886,1
1359,-0.32775944044939326,0.5423677449534107,1
1360,-0.10689994753855447,0.004220299959135448,1
1361,-0.4106778812315835,0.7971602111391373,1
1362,-0.41529385929398094,0.7959853422626996,1
1363,-0.41495473550447787,0.7966985470397169,1
1364,-0.36184980170793557,0.5847457973948489,1
1365,-0.4159410160458239,0.7974906952944124,1
1366,-0.271809774179343,0.6432027164289883,1
1367,-0.4161342986213549,0.7985850120219747,1
1368,-0.3707949702010722,0.7639969490328898,1
1369,0.008670571886155833,0.3852750406637708,1
1370,-0.40337115066839346,0.8057842872423596,1
1371,-0.4136838099366297,0.80243862913245,1
1372,-0.3685813069497176,0.7677604647765915,1
1373,0.1236079607504614,-0.289887856925249,1
1374,-0.37034928668604844,0.7682545166588771,1
1375,-0.41740618291557163,0.8051081633107711,1
1376,-0.12110649647633383,0.010486928667988085,1
1377,-0.36380978469275754,0.5939266671890109,1
1378,-0.4152586565905693,0.807678418339564,1
1379,-0.417108430175067,0.807557537612868,1
1380,-0.41402182667674486,0.8093176732959301,1
1381,-0.31683534978292643,0.7950671922923542,1
1382,-0.14906363229350267,-0.01905795605941076,1
1383,-0.4169627545978114,0.8105329777759085,1
1384,-0.29481403010129037,0.7003168244124187,1
1385,-0.14148105821755544,0.061011149934288675,1
1386,0.32635749583099527,-0.3370687850033606,1
1387,-0.41133279545133367,0.8150140265049103,1
1388,0.13023077401515026,0.18278727579611204,1
1389,-0.41906246588658436,0.8132367904685294,1
1390,-0.2508845681300648,0.6156634550295876,1
1391,-0.28289195970390785,0.6570831714985794,1
1392,-0.38523855450159555,0.7760129942534614,1
1393,-0.29778293104171527,0.5247013669478018,1
1394,-0.37677867078301136,0.780404500675428,1
1395,-0.10561373416592845,0.15652948361225905,1
1396,-0.18425840350040018,0.5926905016781177,1
1397,-0.4194480540572864,0.8183457117572671,1
1398,-0.41672226029174103,0.8199683468897027,1
1399,0.2443311701296175,0.0529495487040089,1
1400,-0.09772488272880644,0.16245559876634047,1
1401,-0.4202951839241604,0.8203588490032806,1
1402,-0.41699073192592795,0.8222019793728047,1
1403,-0.42071284418175375,0.8213676675776863,1
1404,-0.4208124378074409,0.8219137009657682,1
1405,-0.42101457739673753,0.8230046427662322,1
1406,-0.42114782767473424,0.8235378514313406,1
1407,-0.4212521450410965,0.8240820848583033,1
1408,-0.4205723214554093,0.8249251118310345,1
1409,-0.4214483799545493,0.8251752766101663,1
1410,-0.41788057941368567,0.8271187548120796,1
1411,-0.3325845001422063,0.574984149158921,1
1412,-0.1839866101841791,0.5508576872288194,1
1413,-0.4216583995772515,0.8291831313171447,1
1414,-0.42227170000134473,0.829533418933526,1
1415,-0.4222538246164653,0.8301241978342885,1
1416,-0.33637956721189877,0.7585338594456862,1
1417,-0.41916584478690255,0.8324688410743535,1
1418,-0.4005791830796761,0.840135067493157,1
1419,-0.12622673608822188,0.2699213453374687,1
1420,-0.42172080230386005,0.8332472348090945,1
1421,-0.42269487842200626,0.8334600503950054,1
1422,-0.4228104827499193,0.8339999518739982,1
1423,-0.10395170668219433,0.4840491835383639,1
1424,-0.31563134325054854,0.590787837752359,1
1425,-0.42170273580227713,0.8361740189816079,1
1426,-0.42301396891110116,0.8362583623426437,1
1427,-0.4234870990829019,0.8372460598940563,1
1428,-0.4239699061708483,0.8376460714363522,1
1429,-0.37793275899128587,0.8033241269896574,1
1430,-0.3207572476704264,0.7207984100235991,1
1431,-0.4212651146010916,0.840428607796573,1
1432,-0.4240559233214635,0.839949227417679,1
1433,-0.28811853204590177,0.6825390480363697,1
1434,-0.42444583160259114,0.8409686207636593,1
1435,-0.10103828392250058,0.46977273752723886,1
1436,-0.4247453983433095,0.8420224383660422,1
1437,0.6927684174983172,-1.3739845655546705,4
1438,-0.4223055905640419,0.8447040659890785,1
1439,-0.42409274054587187,0.8446070632673663,1
1440,-0.4234697380031799,0.8454283766260444,1
1441,-0.42537720721732714,0.8452855889764197,1
1442,-0.36509671593939214,0.636651037838168,1
1443,-0.3688032806419522,0.636406633483409,1
1444,-0.42542941063765316,0.8499375464323138,1
1445,-0.27545267812234864,0.3896771018071289,1
1446,-0.3923550912932082,0.811260201811754,1
1447,-0.11735165776048956,0.5494940114326885,1
1448,-0.24456775542362094,0.3507493090509335,1
1449,0.10641712959571632,0.3742730848938436,1
1450,-0.25476902552154046,0.6568141285722884,1
1451,1.2534757681609419,-4.0232459667360425,4
1452,-0.42728050531404915,0.8544880583040106,1
1453,-0.4274131651244613,0.8550214919642591,1
1454,-0.4275452344672893,0.855555150619647,1
1455,-0.4276182570516797,0.8561113087890234,1
1456,-0.4277633166813641,0.8566400175513341,1
1457,-0.42797313234925743,0.8577280344149799,1
1458,-0.3179279145134193,0.74289984511364,1
1459,-0.4122380975235932,0.8648917059554809,1
1460,-0.4280809968004944,0.8600228655761307,1
1461,-0.42484267717171187,0.8618407964899878,1
1462,0.23076237817477951,-0.5006746446804891,1
1463,0.6089619473334735,-0.1061334645087446,1
1464,0.10864331803596285,-0.10289365167029127,1
1465,-0.1393588687036224,0.5539572083134808,1
1466,0.520495028553282,0.3934531268548679,1
1467,-0.27026841424306897,0.5358796071807174,1
1468,-0.4270969338896114,0.8668216372075526,1
1469,-0.42970243790466084,0.8664128197421144,1
1470,-0.4298154168887167,0.8675377358087015,1
1471,-0.42989788695445724,0.86809029405584,1
1472,-0.4302606337267036,0.869120037178255,1
1473,-0.4303413323896911,0.8696732704108132,1
1474,-0.4284369130727346,0.8709829087835119,1
1475,-0.14250615324447155,0.30518251474821867,1
1476,-0.4273116474936332,0.8725796681785958,1
1477,-0.384682543056186,0.8369591658651033,1
1478,0.022986745196181272,0.41595402735531706,1
1479,-0.23649773759251708,0.7896957443627655,1
1480,0.5442521377108869,0.30105632167691515,1
1481,-0.3749019320374324,0.6632819085772588,1
1482,0.11913336692014596,0.2981645260911677,1
1483,-0.23989808768530868,0.5066837847713621,1
1484,-0.430127404845549,0.8773465670382852,1
1485,-0.42989490560847154,0.8780189874885621,1
1486,-0.3968176250898339,0.8387588813979155,1
1487,0.3841145169379576,-0.7612220802437439,4
1488,0.3518567217417599,-0.5566516940658036,4
1489,-0.43199945912027315,0.8795531132478674,1
1490,-0.15984109050341097,0.6691506348811302,1
1491,-0.43045023781559066,0.8813114191533893,1
1492,-0.4305875873279541,0.8818430813726743,1
1493,-0.4327272464576559,0.8816117565524502,1
1494,-0.43274358415394637,0.8821895142552559,1
1495,-0.43294414773656176,0.8826970734744172,1
1496,-0.4329758375900459,0.8832689813035859,1
1497,-0.43316104901546765,0.8837823903963844,1
1498,-0.4330793690927519,0.8843974972924109,1
1499,-0.4128592017373548,0.8926862884293876,1
1500,-0.43322069052085793,0.8855116135922835,1
1501,-0.432768196955155,0.8862680174361582,1
1502,-0.3443632420538638,0.637070015939839,1
1503,-0.43387139435757555,0.8887675643581843,1
1504,-0.34514994455169123,0.6379382125518164,1
1505,-0.43406467693310646,0.8898618810857468,1
1506,1.4287906468481126,-0.8601281330458285,3
1507,-0.4345682313020589,0.8955098038729177,1
1508,-0.3688191987335272,0.816250959297691,1
1509,-0.06784628913376604,0.5119341006547282,1
1510,-0.3457642476323549,0.6458798985647505,1
1511,-0.38203421586152764,0.6850914886731193,1
1512,-0.3237953809109084,0.8881907895152561,1
1513,0.7049748739599337,-0.8960902266059464,4
1514,-0.3817516198821449,0.6881190706683018,1
1515,-0.42001606543407083,0.9068943643692307,1
1516,-0.4362098756227185,0.9013081076777347,1
1517,0.07883069573972966,0.5760001113083077,1
1518,-0.3803896451860804,0.8736338029463624,1
1519,-0.4324188868936981,0.9068405294525805,1
1520,-0.43334398824106496,0.9070719911149455,1
1521,-0.27007279556652436,0.8125250823858469,1
1522,-0.2928208346748009,0.4437932683496689,1
1523,-0.43753431153194444,0.9078112343990813,1
1524,-0.43767648690115435,0.9083410110967789,1
1525,-0.4381497784303032,0.9087446796016252,1
1526,-0.4382806668379624,0.9092787882472931,1
1527,-0.169349169643863,0.20912489488734928,1
1528,0.8375928116218262,-0.4390780986650576,3
1529,-0.40519785151254045,0.87118867964557,1
1530,-0.28774727988652,0.6313058611148579,1
1531,-0.11885067241310847,-0.002072093563683258,1
1532,-0.1617155262877115,0.5991649949436111,1
1533,-0.26883255454756555,0.7162773132907116,1
1534,-0.11932607517525815,-0.17848628471079986,1
1535,0.7985566181662875,-1.8830426673134637,4
1536,0.11195022846254087,-0.3207992253721224,4
1537,-0.4382434724108068,0.9192205028779724,1
1538,-0.37141405435648844,0.8403732568079573,1
1539,-0.3528346004375386,0.6677130461099874,1
1540,-0.43265748314837205,0.9231010472071014,1
1541,-0.2965096855460531,0.4575712240094838,1
1542,-0.3867765206182387,0.7089797107133878,1
1543,-0.44077030780470516,0.9217617328110327,1
1544,-0.4408834821848332,0.922302591310897,1
1545,-0.32969706506764096,0.49970926180713265,1
1546,-0.44092091535681294,0.9234562782352332,1
1547,-0.4065002618425463,0.8852919795739251,1
1548,-0.4295794225078561,0.9295297614662539,1
1549,-0.44141432110192275,0.9256042160901947,1
1550,-0.3060705880197242,0.7679677169522081,1
1551,-0.37956420998985596,0.7175675908076694,1
1552,-0.43554334022857794,0.9295932619509524,1
1553,-0.4421362761202779,0.9294170000108921,1
1554,-0.4421030826169285,0.9300136002651362,1
1555,-0.4425173273876399,0.9304397682839709,1
1556,-0.44262577802709285,0.9309824267449542,1
1557,-0.4396762873539612,0.9326899896274259,1
1558,-0.38879854101751204,0.7198888752027331,1
1559,-0.40938360453133743,0.8929530097906886,1
1560,-0.44260088938801695,0.9333277962521117,1
1561,-0.42590441653454497,0.9402737276676723,1
1562,0.2938081318168566,-1.3978415211337587,4
1563,0.015404995418727412,0.24745093648928673,1
1564,-0.44314559773551976,0.9354562165702152,1
1565,-0.2813878410239106,0.6098966297488722,1
1566,-0.4437898064288094,0.9387146422826549,1
1567,-0.39654184850476104,0.9048539632267738,1
1568,-0.40782042451817546,0.9011404488329556,1
1569,-0.4437049535696468,0.9404988466870459,1
1570,-0.4443712258827148,0.9408290273416174,1
1571,-0.4419701892885755,0.9423279151471162,1
1572,-0.44544175645129114,0.9456769542680874,1
1573,-0.3207133811948088,0.8364437191102911,1
1574,-0.44551757001625536,0.9468160165083309,1
1575,-0.44595231979507166,0.947818338743836,1
1576,-0.44585174490965596,0.9484406454843393,1
1577,-0.4457114133000153,0.949662084465937,1
1578,-0.44445625824552465,0.9507241679783405,1
1579,-0.4463771039817698,0.9505763765614348,1
1580,-0.4466130615807238,0.9510704645923588,1
1581,-0.4029296883860977,0.9158515469172981,1
1582,-0.44629204689026436,0.952360752086762,1
1583,-0.4437015042402646,0.953931834812008,1
1584,-0.446860310420597,0.9533121683803408,1
1585,-0.4137660765356316,0.9140584445479704,1
1586,-0.30412356162923637,0.5433250649189326,1
1587,0.4974194500483038,0.056119859149453805,1
1588,-0.2932413546596652,0.6246514196717462,1
1589,-0.2901336520551979,0.7313155918610473,1
1590,-0.19883330099872296,0.37657219168744327,1
1591,-0.12202325619051667,0.17365113105756827,1
1592,-0.32639792775069404,0.666801242777137,1
1593,-0.4469114645037471,0.9591325230051325,1
1594,-0.32101206829243334,0.6700214365421417,1
1595,-0.4414207447547395,0.9629766719958033,1
1596,-0.4484376661313757,0.9608868873201213,1
1597,-0.4486990138364579,0.9613713005600303,1
1598,0.07611036430419,0.6374443689601417,1
1599,-0.4483077335034579,0.9626883624760797,1
1600,-0.4489653189963793,0.9630217754569692,1
1601,-0.4489799193286404,0.9636001796250386,1
1602,-0.44924126703372264,0.9640845928649479,1
1603,-0.44984752444426396,0.9679414473129068,1
1604,-0.4154872940196755,0.929170141580608,1
1605,-0.4500644257231699,0.9690267642348735,1
1606,-0.45032577342825203,0.9695111774747829,1
1607,-0.41717249278484914,0.9302799531564012,1
1608,-0.18932821473108052,0.5521372016073877,1
1609,-0.44644699614586353,0.9727411182537213,1
1610,-0.3842361134203522,0.8921340457599863,1
1611,-0.4173405849296924,0.9325518348132839,1
1612,-0.4488507939612211,0.9735771107442732,1
1613,-0.2658755975516378,0.7586603189511959,1
1614,-0.4512262493325287,0.9744239030015396,1
1615,-0.1400771737803421,0.6215363193503024,1
1616,-0.4515187304622345,0.9754804205456012,1
1617,-0.45160061006039065,0.97603320378788,1
1618,-0.3054775892425418,0.5143043344028709,1
1619,-0.4483857137389111,0.9784261924628638,1
1620,-0.45193127618700885,0.9776591542145714,1
1621,-0.45203736495612434,0.9782027126561144,1
1622,-0.4521393204521491,0.9787478460636366,1
1623,-0.4522755230680676,0.9792799297530455,1
1624,-0.452375116693755,0.9798259631411274,1
1625,-0.4524947862173111,0.9803643466944529,1
1626,-0.45255599945001407,0.9809250047666273,1
1627,-0.22480694029238146,0.7536028664760617,1
1628,-0.012237537721491653,-0.2237794432960871,1
1629,-0.27759707570162656,0.7871031121186631,1
1630,-0.45288414234894653,0.9831358842204447,1
1631,-0.4197833792818292,0.9438846638547692,1
1632,-0.4528689558284694,0.9843096527525431,1
1633,-0.44532501465187463,0.9877681911861361,1
1634,-0.22863440260802936,0.7562322013150065,1
1635,-0.4535633499870624,0.9857970061730645,1
1636,0.18331922462410102,-0.6396037538205155,4
1637,-0.45347143671934037,0.9869999955531922,1
1638,-0.4508436605728012,0.9885852814924071,1
1639,-0.35184254843510626,0.8695487830946409,1
1640,-0.36369018821211613,0.737742410619454,1
1641,-0.4542299964485582,0.9890468820701888,1
1642,-0.023170544908749712,0.1939104383706571,1
1643,-0.389027278386744,0.7846238101293084,1
1644,-0.058388035508878604,-0.48543636591196443,4
1645,-0.45155479605793397,0.9947381205973727,1
1646,-0.45530269349140023,0.9944779665828215,1
1647,-0.2885009033642675,0.7963803956340543,1
1648,-0.45550188074277487,0.9955700333589851,1
1649,-0.45505765372325313,0.996323287270902,1
1650,-0.42196234101929037,0.957069927868343,1
1651,-0.4530225116353542,0.998266735656394,1
1652,-0.40203322319362605,0.7855078284253145,1
1653,-0.3387796729440905,0.5774220100432454,1
1654,-0.4539627399844874,1.0008283812370282,1
1655,-0.4561130956081554,1.0005929494639738,1
1656,-0.05656994223544326,0.5770738724465182,1
1657,-0.45648496734147387,1.0022032297706998,1
1658,-0.45704971307433484,1.0031560020557597,1
1659,-0.3896301544297066,0.9251176407375251,1
1660,-0.456824851320228,1.0049935873486155,1
1661,-0.45745399225292793,1.0053378856566884,1
1662,-0.4548429671299883,1.0075007718021107,1
1663,-0.45780355334224615,1.0069566362389033,1
1664,-0.4577431642912917,1.007563614789738,1
1665,-0.4578773660696614,1.008680459551445,1
1666,-0.4573451684107569,1.0094672031984067,1
1667,-0.2571488992525118,0.33557055760960613,1
1668,-0.3513835561165879,0.8936669255365126,1
1669,-0.4583194351736543,1.0108479434634208,1
1670,-0.45864694928691035,1.0113071287275064,1
1671,-0.45714286699215995,1.0124642203953624,1
1672,-0.4590012341169036,1.0129240793486023,1
1673,-0.299558951417242,0.9169183052985923,1
1674,-0.22379850757436137,0.7365779427107918,1
1675,-0.1870595519961167,0.7305169954884855,1
1676,-0.45062392230269716,1.0207880674215088,1
1677,-0.4588380825056494,1.0188260786890166,1
1678,-0.46016742471351707,1.0194875047674385,1
1679,-0.45995299170048853,1.0201531500094712,1
1680,-0.2585903054499805,0.7827767996697118,1
1681,-0.2486307711484264,0.8920515841348926,1
1682,-0.46072286359371,1.0216117896125563,1
1683,-0.46035576067139683,1.0223356246184054,1
1684,-0.372754620990692,0.771079430094572,1
1685,-0.46106179626650956,1.0232345901072892,1
1686,0.9293912083600663,-1.724049638992968,4
1687,0.14087621400125305,0.4676296299669418,1
1688,-0.060143087421023415,0.1659169411556314,1
1689,-0.4616835671915929,1.026501565635045,1
1690,-0.20980399224874252,0.13952648203440599,1
1691,0.24009353097753794,-0.06208522232543408,1
1692,-0.4598419030752968,1.0289552731813763,1
1693,-0.08707163184435841,0.804444411815095,1
1694,-0.3144553699994299,0.8757294919089795,1
1695,0.4753851830681694,-0.4126594099566652,1
1696,0.06037817405843797,0.6001301182282425,1
1697,-0.37545508436504355,0.7799781274631606,1
1698,-0.2836496399010681,0.8909717196765402,1
1699,-0.4250355554685458,0.9950257922828795,1
1700,-0.46281715475244145,1.0336613663129843,1
1701,0.3570086935291993,0.14032605562900785,1
1702,-0.34982320690467505,0.9205403722981963,1
1703,-0.46167985038685666,1.0358467116977446,1
1704,-0.4296834318961389,0.9961746078197018,1
1705,-0.46347982929819476,1.0363287881295213,1
1706,-0.36260204098373844,0.918007466887093,1
1707,-0.4270088562893568,0.9989455838673208,1
1708,0.7877024805077844,0.3609742606971266,1
1709,-0.05604065748948306,0.6169879918209875,1
1710,0.08971517707195864,0.5157670554235607,1
1711,-0.461271761401161,1.0406739372015017,1
1712,-0.46281064268776323,1.0406716605997903,1
1713,1.0236904702643033,-2.4378526695528553,4
1714,-0.23170833876401756,0.8152114160019358,1
1715,-0.461036720986322,1.0436835227516013,1
1716,-0.4645637154657845,1.04350757395968,1
1717,-0.287969067692416,0.5415254921245067,1
1718,-0.46538387921984936,1.044947003415406,1
1719,-0.2742228765682817,0.6763911541439385,1
1720,-0.14778201165929244,0.6956857126546456,1
1721,-0.3680481701823394,0.7991519963695493,1
1722,-0.46316746786291574,1.0487114730138705,1
1723,-0.4321836672406767,1.0086535309910796,1
1724,-0.463655984230634,1.04969329217149,1
1725,-0.4656757784407076,1.049507641364663,1
1726,-0.4628336625610406,1.0511746005396563,1
1727,-0.46583310154035007,1.050615660296244,1
1728,-0.4651141890005773,1.051473581947236,1
1729,-0.25456534379454054,0.5093975421260152,1
1730,-0.4002566942125852,0.9724589727376781,1
1731,-0.4667687424981219,1.0525950707707894,1
1732,-0.46656848070711837,1.0532553161294647,1
1733,-0.1506132956234622,-0.04207612442224347,1
1734,-0.42957161712222514,1.016072671263479,1
1735,-0.16791095081227453,0.13282441286897848,1
1736,-0.4663310237376675,1.055681683886981,1
1737,-0.3940311059101952,0.8527950809948645,1
1738,-0.46780447627018207,1.0580402399791784,1
1739,-0.39390717307764944,1.0867818670048757,1
1740,-0.4664924888635559,1.0597081022760542,1
1741,-0.3818450537389051,0.8108303099740246,1
1742,-0.4689488128139358,1.064027994129368,1
1743,-0.33218133506718567,0.9075179588000561,1
1744,-0.12482427725823185,0.23635004095502932,1
1745,-0.4693424885840447,1.0662139336634562,1
1746,-0.4680505272536364,1.0672902130977073,1
1747,-0.3696861913362766,0.9480111205025281,1
1748,-0.4698207125599982,1.06778365780469,1
1749,-0.4327823135957494,1.0300324990584644,1
1750,-0.47017224044814154,1.0688176758347632,1
1751,-0.47027655781450384,1.0693619092617261,1
1752,-0.4703596183478287,1.0699142425137245,1
1753,-0.4370014454526477,1.0307610915088832,1
1754,-0.42072150232650635,1.0375484615572446,1
1755,-0.4165670825764125,0.8593914513254585,1
1756,-0.413143263040654,0.8612800817329098,1
1757,-0.4708428247866559,1.0726500343326306,1
1758,-0.4371303713408503,1.0336318804117208,1
1759,-0.16943837243443863,0.7166335668251633,1
1760,-0.4709509527114125,1.074360750886747,1
1761,-0.35387294257352897,1.0682766509240778,1
1762,-0.4716728353729515,1.0764216441427288,1
1763,-0.36687635197206725,0.9595934160026307,1
1764,-0.45191609179138775,1.085117786101149,1
1765,-0.47201590131884164,1.0780428696714828,1
1766,-0.47181855782703613,1.0787020185746148,1
1767,-0.4722328025977475,1.0791281865934494,1
1768,0.06293038262768773,0.7067041127684586,1
1769,-0.33202800848128616,0.9763761886590986,1
1770,-0.4674317830260133,1.0827095127405781,1
1771,-0.4710983913289078,1.0818963504886088,1
1772,-0.4722867731414582,1.082027521358897,1
1773,-0.4529713382802182,1.0899715058609436,1
1774,-0.4729878238008275,1.0829283707863135,1
1775,-0.40595702226151353,1.0041578765791552,1
1776,-0.43604315963442586,1.0457257267069255,1
1777,-0.4302349889235497,1.04852295055019,1
1778,-0.4367080556162531,1.0466404149184991,1
1779,-0.33245318779068606,0.930189898447801,1
1780,-0.4361638160034382,1.0491832921399946,1
1781,-0.3056099779796462,0.45364634681336713,1
1782,-0.385015985431412,0.837069230764943,1
1783,-0.3651173642115055,0.9731106772103049,1
1784,-0.4742874600715097,1.089440947303535,1
1785,-0.3496001601062489,0.8523152021149628,1
1786,-0.4736299809741283,1.0908593964672049,1
1787,-0.4742998641701501,1.091188170110625,1
1788,-0.46146054161943595,1.0966645219990274,1
1789,-0.33548380396413435,0.9879067522799054,1
1790,-0.37460984199820657,0.9735821596995669,1
1791,-0.2221283774183949,0.8749240890663774,1
1792,-0.4408382704471714,1.0544103129665456,1
1793,-0.4754833694434141,1.0954090653986541,1
1794,-0.47472306512597656,1.0962827592089517,1
1795,-0.4755497014883044,1.096551756081292,1
1796,0.5442568132300889,-1.366475623602531,4
1797,-0.47530853607663076,1.097811555151186,1
1798,-0.47484763980985134,1.0985712230076439,1
1799,-0.35261874690345635,0.8086455989677975,1
1800,-0.46592161369367585,1.103724365202015,1
1801,-0.47608329734724386,1.1004363134516126,1
1802,-0.2936218866085303,0.9083056960069802,1
1803,0.11495767238045612,0.5937100846251531,1
1804,-0.4548632772547968,1.1114420266321665,1
1805,-0.23925556085997413,0.8270455144774073,1
1806,-0.47485966167508453,1.1049904563582345,1
1807,-0.47713693379066935,1.1047066791502607,1
1808,-0.47456468660509604,1.1062708215669685,1
1809,-0.12963468507869372,-0.030468121121741343,1
1810,0.7892485601401853,-0.0368937386952165,3
1811,0.02671011646476987,-0.35984222507383234,4
1812,-0.23589059464378953,0.4487878568716243,1
1813,-0.47797773415083183,1.1078902100012744,1
1814,-0.328823133074614,0.9555153965217444,1
1815,-0.47771465336108876,1.1091583909316567,1
1816,-0.4446534856608482,1.0698920673714525,1
1817,-0.29092788198346314,0.7919679898995673,1
1818,-0.44398563706356514,1.0718985130998473,1
1819,-0.47873984096492433,1.1116876942524596,1
1820,-0.4455853793863527,1.0724569199243574,1
1821,-0.4787593987520247,1.113432160077559,1
1822,-0.4764338739312379,1.114902305545464,1
1823,-0.3154476301715779,0.6588369101992698,1
1824,-0.47937991638512323,1.1149476949308785,1
1825,-0.2063202146115049,0.8524427820846799,1
1826,-0.47954249464626675,1.1160537114057152,1
1827,-0.47945609098287606,1.1166706182628607,1
1828,0.031593332790143785,0.6826076593687954,1
1829,-0.39886958035971115,1.043648441219203,1
1830,-0.480025896481166,1.1182054456578987,1
1831,-0.4790537914412134,1.1191598452248734,1
1832,-0.42628016900626364,0.9070808508070155,1
1833,-0.4802248883364687,1.1198815700007847,1
1834,-0.48044552781695277,1.1203814793851898,1
1835,-0.3356027488927409,0.9663640999683021,1
1836,-0.41364477920074927,1.0421073231603546,1
1837,-0.4759532887531227,1.123845161594314,1
1838,-0.4472439011884472,1.0829205953329941,1
1839,-0.48045695493523316,1.1250489900258926,1
1840,-0.4812537634594425,1.1259133046801795,1
1841,-0.4811437410926769,1.126539211342921,1
1842,-0.4383739099740765,1.091556315439444,1
1843,0.12625565765484534,-0.7122319348663821,4
1844,-0.482072287408747,1.1285213562999425,1
1845,-0.4730387281147677,1.1337155046500849,1
1846,-0.33788811197138363,0.9760054035811995,1
1847,-0.4823635918826525,1.1313302715393114,1
1848,-0.47761604138757685,1.1354752377357444,1
1849,-0.4823889905475174,1.134824492158352,1
1850,-0.42768820001068575,0.923479836878053,1
1851,-0.4831863895393113,1.1356885818174987,1
1852,0.48859860007467504,-0.01442888344662428,1
1853,-0.4580917168788293,1.146418765400956,1
1854,-0.2906408583014837,0.7682442221366201,1
1855,-0.34611366953326067,0.9804629017145937,1
1856,-0.3174146040365898,0.9395345422221607,1
1857,-0.4843643214101648,1.1422475643738488,1
1858,-0.48392836093682423,1.1429976683538075,1
1859,-0.12625088087913047,0.13899188319989858,1
1860,-0.3963955266576546,0.8934673490358761,1
1861,-0.3981653576834657,0.893960928739943,1
1862,-0.45206765643307795,1.1067777965641146,1
1863,-0.4836100570626772,1.1477906660761457,1
1864,-0.4859469870498344,1.1480683106523426,1
1865,-0.3942043438550826,0.8983900938764765,1
1866,-0.2842203394463657,0.7835386416607268,1
1867,-0.36602706533761586,0.8578468617063087,1
1868,-0.48629221946998996,1.1502726937672594,1
1869,-0.4862347827569575,1.150878547342395,1
1870,-0.4767824503476638,1.1550642700680995,1
1871,-0.45156623497342474,1.112808661079371,1
1872,-0.4533639112556021,1.112707694005609,1
1873,-0.3437720066965679,0.689506937830573,1
1874,0.2137218904957403,-0.4469861119151312,4
1875,-0.48169873488889847,1.1572787138690948,1
1876,-0.3193424390496273,0.9574872685927502,1
1877,-0.48727851284944135,1.1563206851370382,1
1878,-0.4877312060905846,1.1567321714314678,1
1879,-0.4877735243605877,1.1573000293481188,1
1880,-0.4879286219392061,1.1578249131930514,1
1881,-0.4879136988922485,1.158414567118115,1
1882,-0.4505166478332179,1.1208001800628926,1
1883,-0.48827759256093994,1.1594438887704066,1
1884,-0.4883842717976399,1.1599872222168095,1
1885,-0.48532289704809767,1.1623217121554232,1
1886,-0.48841025665072063,1.1617292701356825,1
1887,-0.3206481284397612,0.5279218259735131,1
1888,-0.42106756090823266,1.0836615738887945,1
1889,-0.37840209250699774,0.7410230447873181,1
1890,-0.45517097169480786,1.1254507329510564,1
1891,-0.4893521333633512,1.166626188962335,1
1892,-0.3494664464675179,0.9352910708181523,1
1893,-0.4742652277129874,1.1735429869601777,1
1894,-0.48931351203201234,1.1683928858903094,1
1895,-0.48997426104185454,1.1687250778768017,1
1896,-0.48804559851521506,1.1700439695703915,1
1897,-0.4903387451781304,1.1697541745339528,1
1898,-0.41788105818700055,1.0930515250970185,1
1899,-0.39819478389586244,0.9208129236049302,1
1900,-0.47978379961044865,1.1755273875033072,1
1901,-0.4091219864330282,1.098140847899913,1
1902,-0.48800352251811313,1.174147868681945,1
1903,-0.49148414637003474,1.1786614230141232,1
1904,-0.4920212083982962,1.1790407920438613,1
1905,-0.4463147230659835,1.1445928503188303,1
1906,0.020055208378489904,0.5921152280161894,1
1907,-0.483169444376486,1.1882535498686688,1
1908,0.11800379506905291,0.47384504464180116,1
1909,-0.18940052842209443,0.829327718372473,1
1910,-0.4438907345947042,1.1525243602687967,1
1911,-0.4927990709998317,1.1869201544030474,1
1912,-0.4933174082590121,1.187306580676482,1
1913,-0.48335717161098474,1.1916858847829563,1
1914,-0.49128787333471347,1.1898319222377658,1
1915,-0.49400619069710205,1.1893801021804533,1
1916,-0.494171326224655,1.1899011611080077,1
1917,-0.49431228661997245,1.1904314163161416,1
1918,-0.4924939824848525,1.1917082564180868,1
1919,-0.3196422728004966,0.6877161475677847,1
1920,-0.45740990668485004,1.15379665867356,1
1921,-0.49483029660755407,1.1931539619419502,1
1922,-0.49406367428696385,1.1940300632002447,1
1923,-0.2999222709178955,0.5178262214283557,1
1924,-0.4953298364633036,1.1947155637586344,1
1925,-0.49520869505015486,1.1959296903981862,1
1926,-0.3188363564326888,0.6932790865492979,1
1927,-0.38480858327524464,0.7736208345778525,1
1928,-0.49349545763346025,1.1983344615015927,1
1929,-0.3841501046623382,0.7767916139382881,1
1930,-0.4964084381819892,1.2001443983198683,1
1931,-0.4288143305671818,1.1215885494761613,1
1932,-0.4964812994090316,1.2012845855358114,1
1933,-0.496729066359673,1.201774173663938,1
1934,-0.49333663469136874,1.2036508283093055,1
1935,-0.4636387703517262,1.163102932432311,1
1936,-0.4969151019668432,1.2034552193797454,1
1937,-0.3443927474882584,1.052364358079571,1
1938,-0.4855081764732669,1.208969745626479,1
1939,-0.4973903986129093,1.2050260745173207,1
1940,-0.49728923325990937,1.2056486062529639,1
1941,-0.4976072998918153,1.206111391439288,1
1942,-0.49836409249764846,1.2099109006467321,1
1943,-0.4979428937139173,1.2106553797481934,1
1944,-0.49855678460559505,1.2110054423694343,1
1945,-0.49854186155863744,1.211595096294498,1
1946,-0.49856702222996996,1.2121695075903614,1
1947,-0.49880970868651614,1.2138289822928958,1
1948,-0.49881305609595045,1.2144116898887793,1
1949,-0.497832954735574,1.2153691208695003,1
1950,-0.4994527321652687,1.2153359102905879,1
1951,-0.44564750381365786,1.0036500048816246,1
1952,-0.499564825447948,1.2164611638498846,1
1953,-0.4998581922790304,1.2175173439012363,1
1954,-0.49978241703215853,1.2181302008458643,1
1955,-0.5000467511138863,1.2186134605899182,1
1956,-0.4996542898457176,1.2199309724962473,1
1957,-0.5007328915644034,1.225359807057481,1
